ID;Description;English;Testing
1;Display Title;Equilinox;TestVal1
2;Welcome Message;欢迎！;TestVal2
3;Play Button;开始游戏;TestVal3
4;Control Button;操作说明;TestVal4
5;Options Button;选项;TestVal5
6;Quit Button;退出;TestVal6
7;New World Button;新世界;TestVal7
8;Shadows Option;阴影;TestVal8
9;Water Option;高清水面;TestVal9
10;On;开;TestVal10
11;Off;关;TestVal11
12;Back;返回;TestVal12
14;Antialiasing Option;抗锯齿;TestVal14
15;DOF Option;景深效果;TestVal15
16;Shaft Option;阳光光束;TestVal16
17;Sound Option;音效;TestVal17
18;Music Option;音乐;TestVal18
19;Save Text;保存;TestVal19
20;Load text;加载世界;TestVal20
21;Loading Text;加载中;TestVal21
22;Bonus Category;岩石;TestVal22
24;Controls UI;移动;TestVal24
25;Controls UI;W,A,S,D;TestVal25
26;Controls UI;冲刺;TestVal26
27;Controls UI;左 Ctrl;TestVal27
28;Controls UI;操控中;TestVal28
29;Controls UI;取消;TestVal29
30;Controls UI;状态标签;TestVal30
31;Controls UI;显示当前被操控动物的状态和健康状况。;TestVal31
32;Controls UI;操作标签;TestVal32
33;Controls UI;显示操控该动物时可使用的键盘操作说明。;TestVal33
34;Species Info Tip;物种信息;TestVal34
35;Species Info Tip;查看该物种的总体信息。;TestVal35
36;Buff Panel No Buff;该对象目前没有任何增益效果。;TestVal36
37;Colour Ui Name;颜色;TestVal37
38;Controls Screen;视角控制;TestVal38
39;Controls Screen;移动;TestVal39
40;Controls Screen;右键拖动;TestVal40
41;Controls Screen;旋转;TestVal41
42;Controls Screen;鼠标中键;TestVal42
43;Controls Screen;缩放;TestVal43
44;Controls Screen;滚轮;TestVal44
45;Controls Screen;实体操控;TestVal45
46;Controls Screen;选择;TestVal46
47;Controls Screen;鼠标左键;TestVal47
48;Controls Screen;快捷键;TestVal48
49;Controls Screen;生物群系测试仪;TestVal49
50;Controls Screen;放置;TestVal50
51;Controls Screen;B;TestVal51
52;Credits Titles;程序开发;TestVal52
53;Credits Titles;音乐制作;TestVal53
54;Credits Titles;额外音乐;TestVal54
55;Credits Titles;网站开发;TestVal55
56;Credits Titles;主菜单设计;TestVal56
57;Credits Titles;音效制作;TestVal57
58;Credits Titles;顶级 Patreon 赞助者;TestVal58
59;Credits;鸣谢;TestVal59
60;Options;阴影;TestVal60
61;Options;高清水面;TestVal61
62;Options;抗锯齿;TestVal62
63;Options;景深效果（略有瑕疵）;TestVal63
64;Options;阳光光束;TestVal64
65;Options;镜头光晕;TestVal65
66;Options;音乐;TestVal66
67;Options;音效;TestVal67
68;Confirm Message;删除此存档？;TestVal68
69;Save Panel;这是当前世界的存档位。;TestVal69
70;Save Panel;上次游玩;TestVal70
71;Save Panel;生物数量;TestVal71
72;Save Panel;已完成任务;TestVal72
73;Save Panel;点数;TestVal73
74;Save Panel;这是当前世界的存档位。;TestVal74
75;Last Saved;天前;TestVal75
76;Last Saved;小时前;TestVal76
77;Last Saved;分钟前;TestVal77
78;Empty Save Slot;空;TestVal78
79;Time Display;时间;TestVal79
80;Time Display;天;TestVal80
81;Time Display;年;TestVal81
82;Music UI;正在播放;TestVal82
83;Music UI;全部曲目;TestVal83
84;Music UI;音乐音量;TestVal84
85;Music UI;音效音量;TestVal85
86;Shop Unlock Notify;已解锁物种！;TestVal86
87;Shop Unlock Notify;已解锁物品！;TestVal87
88;Shop Unlock Notify, 0 = species name;你已解锁 $0$ 物种。;TestVal88
90;Shop Unlock Notify, 0 = item name;你已解锁 $0$ 物品。;TestVal90
91;Locked;未解锁！;TestVal91
92;Requires;通过任务解锁;TestVal92
93;Species Info Ui;状态;TestVal93
94;Biologist Task;发现所有物种;TestVal94
95;Biologist Task;发现游戏中所有的物种。;TestVal95
96;Breed Req;繁殖;TestVal96
97;Breed Requirement - 0 = count, 1 = species name;让世界拥有 $0$ 个 $1$。;TestVal97
98;Breed Req Title, 0 = species name;$0$ 种群数量;TestVal98
99;Task Req, 0 = species name;已满足 $0$;TestVal99
100;Task Req, 0 = count, 1 = species, 2 = percentage;让世界拥有 $0$ 个环境满意度超过 $2$% 的 $1$。;TestVal100
101;Hive Task;蜂巢装满数量;TestVal101
102;Hive Task;用蜂蜜装满一个蜂巢;TestVal102
103;Money Task, 0 = dp count;赚取 $0$ dp;TestVal103
104;Money Task, 0 = dp count;赚取超过 $0$ dp。;TestVal104
105;Unlock Message, 0 = item;解锁 $0$;TestVal105
106;Task Complete;任务完成！;TestVal106
107;Task Collect, 0 = task name;现在可以领取 $0$ 任务的奖励了。;TestVal107
108;Task Collect, 0 = task name;$0$ 任务的奖励已自动领取。;TestVal108
109;Task Completor;完成所有任务;TestVal109
110;Task Completor;完成所有其他任务。;TestVal110
111;Task Descriptions;看草生长;TestVal111
112;Task Descriptions;要开始新的生态系统，先种一些简单的草。在 植物商店 中点击草，然后往世界里放置一些草种。几秒钟后草就会长到最大。等待期间，你可以点击世界中的草来查看它的当前状态和其他选项。;TestVal112
117;Task Descriptions;绵羊成群;TestVal117
118;Task Descriptions;是时候养些动物了！创建一群绵羊，确保它们对生存环境满意并且有足够的食物。关于它们偏好的环境和饮食的信息可以在 物种信息面板 中找到。健康快乐的动物会为你提供稳定的 dp 收入。;TestVal118
119;Task Descriptions;更多草;TestVal119
120;Task Descriptions;我们需要更多的草！在世界其他地方种些草，让野生动物开始蔓延。你可以从商店购买新草，或者选择草的 操作 标签中的 移栽 选项，把一丛草移到新区域。移栽更贵。;TestVal120
121;Task Descriptions;种草达人;TestVal121
122;Task Descriptions;这是一个可重复任务，意味着你可以多次完成它并每次领取奖励。通过建立稳定的草供应，你基本上可以靠种草赚取 dp。;TestVal122
123;Task Descriptions;一天一苹果;TestVal123
124;Task Descriptions;这是一个可重复任务，意味着你可以多次完成它并每次领取奖励。这意味着你基本上可以靠种苹果赚取 dp！;TestVal124
125;Task Descriptions;强大丛林;TestVal125
126;Task Descriptions;通过解锁和放置相关的丛林物种，在世界中创造丛林生物群系。;TestVal126
127;Task Descriptions;树木爱好者;TestVal127
128;Task Descriptions;没有大量的树木，就无法拥有多样而精彩的生态系统！是时候打造一片包含各种不同树种的森林了。;TestVal128
129;Task Descriptions;完美主义者;TestVal129
130;Task Descriptions;完成游戏中所有其他任务即可完成此任务。你还需要解锁所有物种，并拥有大量 dp。;TestVal130
131;Task Descriptions;钱，钱，钱;TestVal131
132;Task Descriptions;这是有钱人的世界！明智投资，赚取大量 dp 来完成此任务！;TestVal132
133;Task State;未开始;TestVal133
134;Task State;进行中;TestVal134
135;Task State;领取奖励;TestVal135
136;Task State;已完成;TestVal136
137;Task State;未解锁！;TestVal137
138;Task Unlock Reward;已解锁新任务！;TestVal138
139;Task Unlock Reward Plural;已解锁新任务！;TestVal139
140;Task Unlock Reward, 0 = task name;你现在已解锁 $0$ 任务。;TestVal140
141;Task Unlock Reward, 0 = task count;你已解锁 $0$ 个任务。;TestVal141
142;Task Unlock Reward, 0 = task name;解锁 $0$ 任务;TestVal142
143;Task Unlock Reward, 0 = task count;解锁 $0$ 个任务;TestVal143
144;Claim Button;完成！;TestVal144
145;Claim Button;自动完成;TestVal145
146;Claim Button;领取奖励;TestVal146
147;Task Info UI;任务信息;TestVal147
148;Task Info UI;需求;TestVal148
149;Task Info UI;奖励;TestVal149
150;Locked Task Message;任务 $0$ 尚不可用，需要先完成其他任务才能开始此任务。所需任务如下：;TestVal150
151;Task UI, 0 = number of tasks;还有 $0$ 个……;TestVal151
152;Biome Picker;陆地;TestVal152
153;Biome Picker;水下;TestVal153
154;Biome Picker;贫瘠之地！;TestVal154
155;Biome Picker;海拔;TestVal155
156;Dp Counter;dp/分;TestVal156
157;Toolbar Tool Tips;帮助;TestVal157
158;Toolbar Tool Tips;关于如何游玩 Equilinox 的有用说明和小贴士。;TestVal158
159;Toolbar Tool Tips;已发现物种;TestVal159
160;Toolbar Tool Tips;植物商店;TestVal160
161;Toolbar Tool Tips;从这个商店购买植物和岩石并放入世界中。随着你完成任务和进化物种，新的物品会不断解锁。;TestVal161
162;Toolbar Tool Tips;已解锁物品;TestVal162
163;Toolbar Tool Tips;动物商店;TestVal163
164;Toolbar Tool Tips;在这里为你的世界购买动物。通过完成任务和进化现有动物来解锁更多动物。;TestVal164
165;Toolbar Tool Tips;已完成任务;TestVal165
166;Toolbar Tool Tips;任务;TestVal166
167;Toolbar Tool Tips;完成任务以获取多样性点数，并解锁新物种和新物品！;TestVal167
168;Toolbar Tool Tips;生物群系测试仪;TestVal168
169;Toolbar Tool Tips;此工具显示地形上某一点的生物群系分布，并显示海拔。;TestVal169
170;Toolbar Tool Tips;音乐标签;TestVal170
171;Toolbar Tool Tips;用于选择背景音乐的各种选项。;TestVal171
172;Toolbar Tool Tips;加速时间;TestVal172
173;Toolbar Tool Tips;点击切换快速时间模式。;TestVal173
174;Trait Modifier;无需费用;TestVal174
175;Traits Panel;定向培育;TestVal175
176;Control Option for entity;操控;TestVal176
177;Current Action;当前动作;TestVal177
178;Behaviour Description;忙碌工作;TestVal178
179;Behaviour Description;到处飞行;TestVal179
180;Behaviour Description;觅食;TestVal180
181;Behaviour Description;建造;TestVal181
182;Behaviour Description;狩猎;TestVal182
183;Behaviour Description;逃跑;TestVal183
184;Behaviour Description;被操控;TestVal184
185;Behaviour Description;游来游去;TestVal185
186;Behaviour Description;跟随父母;TestVal186
187;Behaviour Description;吃草;TestVal187
188;Behaviour Description;睡觉;TestVal188
189;Behaviour Description;撞击树木;TestVal189
190;Egg Behaviour;从蛋中孵化;TestVal190
191;Hunting description;狩猎;TestVal191
192;Attack Damage stat;攻击伤害;TestVal192
193;Defence Stat;防御点数;TestVal193
194;Life length stat;平均寿命;TestVal194
195;How decayed an item is, title;腐烂倒计时;TestVal195
196;Time counter;秒;TestVal196
197;Build progress for nests, dens, etc.;建造进度;TestVal197
198;Bird Behaviours;降落;TestVal198
199;Bird Behaviours;栖息;TestVal199
200;Problem Notification;问题;TestVal200
201;Problem with beavers building dens;没有地方建造巢穴;TestVal201
202;Decompose rate for structures that decompose;腐解速度;TestVal202
203;The rate value, 0 = build points per second;每秒 $0$ 建造点数;TestVal203
204;Grass Name;草丛;TestVal204
205;Grass Description;草丛是一种小型的初级植物，能够传播草原生物群系。这种快速生长的植物能在大多数地区存活，并为许多小生物提供食物。它在低海拔地区生长得最好。;TestVal205
206;Rock Name;褐色岩石;TestVal206
207;Rock Desc;一块大岩石。许多植物和动物喜欢生活在多岩石的环境中。;TestVal207
208;No ability for an entity message;该物种没有特殊能力。;TestVal208
209;Check list tip title;状态与信息;TestVal209
210;Check list tip description;关于你的世界和游戏进度的各种统计数据。你还可以在这里找到潜在进化的概览和过往通知的记录。;TestVal210
211;Flower Task Name;花的力量;TestVal211
212;Flower Task Desc;是时候给世界增添色彩了！从商店买一朵花并种下。Equilinox 中的植物会慢慢在附近区域蔓延，所以很快你就会拥有一小片花草。无需再买更多，它们会自己繁殖！;TestVal212
213;Daisy Name;雏菊;TestVal213
214;Daisy Desc;一朵简单的白花。花深受昆虫尤其是蜜蜂的喜爱，也可以被各种小型哺乳动物食用。雏菊生长非常快且容易，尤其在草地上种植时。;TestVal214
215;Full Growth Task Requirement, 0=species name;成熟的 $0$;TestVal215
216;Full Grown Task long desc, 0=count, 1=species name;培育 $0$ 棵成熟的 $1$;TestVal216
217;Tree Name;橡树;TestVal217
218;Tree Description;橡树是 Equilinox 中最基础的树，在大多数地区都能轻松生长。许多动物喜欢在自己的栖息地里有这种树。它比小型植物长得慢得多，但寿命也更长。;TestVal218
219;Tree Task Name;我的第一棵树;TestVal219
220;Tree Task Description;你会发现地形已经变绿了，这是因为草和雏菊创造出了草原生物群系。不同物种喜欢生活在不同的生物群系中，你可以在 物种信息 面板中查看它们的偏好。要在新的草原生物群系中合适海拔处种一棵树来完成任务。;TestVal220
221;Stones Name;石块;TestVal221
222;Stones Description;一小堆石头。有些植物在石头多的地区长得更好，有些动物也喜欢周围有石块和岩石。;TestVal222
223;Breed Requirement Name;附近物种;TestVal223
224;Wheat Name;小麦;TestVal224
225;Wheat Description;一种结有营养种子的草本植物。这种植物只能在低海拔的水边生长，并且更喜欢多石的地形。它是传播草原生物群系的好帮手，种子和植株本身都能为许多动物物种提供食物。;TestVal225
226;Wheat Task Name;小麦培育者;TestVal226
227;Wheat task description;你可以利用现有的野生动植物来解锁新物种！在世界中选择一丛草，进入 进化 标签。然后可以支付一些 DP 开始进化小麦物种。进化过程需要满足一定的条件——在这里你需要附近有一些石块。;TestVal227
228;Sheep Name;绵羊;TestVal228
229;Sheep Description;这种可爱毛茸茸的动物喜欢四处游荡吃草，如果找到水果的话也会吃！绵羊还喜欢在夜间睡觉，而且经常被掠食者捕猎。这是 Equilinox 中最基础的生物之一。;TestVal229
230;Task Name;基因改造;TestVal230
231;Task Descriptions;在世界中选中一株植物时，你可以在 特性 标签中看到它的当前性状。当植物繁殖时，这些性状会传给后代（会有细微变化）。点击 定向培育 选项，可以修改传给后代的性状。用它来创造出新的时尚蓝色雏菊吧！;TestVal231
232;Task req short desc, 0=colour, 1=species name;$0$ $1$ 种群数量;TestVal232
233;Task Req desc, 0=count, 1=colour, 2=species name;让世界拥有 $0$ 棵成熟的 $1$ $2$;TestVal233
234;Colour red;红色;TestVal234
235;Colour Blue;蓝色;TestVal235
236;Colour Green;绿色;TestVal236
237;Colour orange;橙色;TestVal237
238;Colour Yellow;黄色;TestVal238
239;Colour Purple;紫色;TestVal239
240;Colour Pink;粉色;TestVal240
241;Colour Grey;灰色;TestVal241
242;Colour White;白色;TestVal242
243;Colour Black;黑色;TestVal243
244;Elm Tree Name;榆树;TestVal244
245;Elm Tree Desc;一种小型的基础林地树木，鸟类喜欢停在上面。有助于提升林地生物群系的肥沃度。;TestVal245
246;Environement Breed Requirement Name;生物群系;TestVal246
247;Tall Tree Name;高大树木;TestVal247
248;Tall Tree Desc;一种常绿森林树木。这是最基础的森林树木，是打造森林栖息地的绝佳起点。这种树不能在贫瘠之地生长，但只要有稍微肥沃的森林地形就能存活。;TestVal248
249;Buttercup Name;毛茛;TestVal249
250;Buttercup Description;一簇生长在林地生物群系中的小黄花。主要受昆虫喜爱，但有些动物也欣赏它们为栖息地增添的一抹色彩。;TestVal250
251;Colour Trait Rquirement Name;颜色特性;TestVal251
252;Size Trait Name;体型特性;TestVal252
253;Apple Tree name;苹果树;TestVal253
254;Apple Tree Description;这棵树长大后会长出苹果。苹果会时不时从树上掉下来，为许多动物提供食物。它是森林树种，因此在森林中生长得最好，但也乐于在林地区域生长。;TestVal254
255;Fruit Producing Buff;果实产出速率;TestVal255
256;Fruit Boost;果实产出速率取决于周围环境的质量。环境满意度越高的植物产出的果实越多。;TestVal256
257;Fruit Boost;由于附近区域有昆虫，果实产量增加。;TestVal257
258;Fruit Production boost;果实产量提升;TestVal258
259;Tree Task;树木非凡;TestVal259
260;Tree Task Description;看看橡树的进化树，培育 3 个新的树种。使用基因改造并满足所有条件来创造这 3 个新物种。;TestVal260
261;Seaweed Name;海藻;TestVal261
262;Seaweed Description;一种生长在水中的高大禾草状植物。许多水下环境都离不开它，大多数鱼没有它就无法生存。在岩石地区生长得最好。;TestVal262
263;Chicken Name;鸡;TestVal263
264;ChickenDescription;鸡是一种简单的鸟类，喜欢整天四处走动啄食小麦种子。鸡还会下蛋，过一段时间蛋会孵化出小鸡。鸡更喜欢生活在树木不多的草地上，并且经常被各种掠食者捕猎。;TestVal264
265;Environmental Factor;不喜欢的物种;TestVal265
266;Chicken Task;养鸡场;TestVal266
267;Chickn Task;为鸡创造一个合适的生存区域，让它们有足够的食物并对环境感到满意。然后你就可以把第一批鸡放进世界了！;TestVal267
268;Boar Name;野猪;TestVal268
269;Boar Description;野猪喜欢生活在森林地区，周围环绕着树木。它是一种觅食动物，会吃水果和大多数小型植物。它还有能力挖出马铃薯植株，从而让大量营养丰富的马铃薯散落在附近地区，为其他动物提供食物。;TestVal269
270;Boar Task;野猪没那么“野”;TestVal270
271;Boar Task;使用进化系统解锁野猪物种，然后为野猪一家创造一个适合繁衍的环境。要解锁野猪，你需要让绵羊生活在非草原地区，并以苹果为食生存。;TestVal271
272;Rosemary Name;迷迭香;TestVal272
273;Rosemary Description;迷迭香是 Equilinox 中最基础的森林植物，可以用来开始创建森林生态系统。这种芳香的草本植物被树木环绕时长势最好，虽然它更喜欢肥沃的地区，但也能在贫瘠之地生长。不过它不能离水太近。;TestVal273
274;Poppy Name;罂粟花;TestVal274
275;Poppy Description;一朵生长在肥沃土壤中的红花。这种昂贵的植物对吃掉它的动物和以它为食的昆虫有安抚作用。;TestVal275
276;Tropical Flower Name;热带花;TestVal276
277;Tropical Flower Description;一朵色彩鲜艳的热带花。为任何热带地区增添一抹亮色。;TestVal277
278;Flower Name;蓝铃花;TestVal278
279;Flower Description;一种生长在山地地区的小蓝花。这种植物只能在少数几个生物群系中生存，并且必须种在高海拔地区。;TestVal279
280;Fern Name;蕨类植物;TestVal280
281;Fern Description;一种叶子很大的耐寒小型森林植物。它生活在森林或林地生物群系中，有助于提升森林生物群系的质量。;TestVal281
282;Juniper Name;杜松树;TestVal282
283;Juniper Description;一种高大的森林树木。这种树生长在森林生物群系的高海拔地区，深受许多森林动物的喜爱。喜欢与其他树木一起生长。;TestVal283
284;Warthog Name;疣猪;TestVal284
285;Warthog Description;一种喜欢生活在沼泽地区的黏糊糊的疣猪。它最喜欢的食物是芜菁，用两颗锋利的獠牙把它们挖出来。;TestVal285
286;Mushroom Name;白蘑菇;TestVal286
287;Mushroom Desc;一种喜欢生长在肥沃地区的小褐蘑菇。这种快速生长的真菌可以作为小型动物的食物来源。;TestVal287
288;Forest Tree;雪松;TestVal288
289;Forest Tree Desc;一种令人愉悦的森林树木。这种树可以生活在森林、林地或草原生物群系中，并喜欢有花相伴。它更喜欢在低海拔、离水不太远的地方生长。;TestVal289
290;Heather;帚石楠;TestVal290
291;Heather;一种开着漂亮紫花的耐寒小型森林植物。它需要在水边生长，是在低海拔地区传播森林生物群系的好方法。;TestVal291
292;Sage;鼠尾草;TestVal292
293;Sage Desc;一种多叶草本植物。这种植物可以在草地或森林地区生长，并能给小型动物提供食物。;TestVal293
294;Acer Name;枫树;TestVal294
295;Acer Desc;这棵色彩惊艳的树在田野中格外醒目。适合点缀任何地区。不喜欢生活在高大的树种附近。;TestVal295
296;Large Tree;大树;TestVal296
297;Large Tree;一棵令人惊叹的大树。考虑到它巨大的体型，它的生长速度快得惊人，长大后海狸可以砍伐它获得大量木材。生活在草地或森林生物群系的低海拔地区。;TestVal297
298;Cactus Name;小仙人掌;TestVal298
299;Cactus Desc;一个小刺球！这种仙人掌需要在沙漠生物群系中生长，并且更喜欢岩石地区。仙人掌的中心充满了清甜新鲜的水，为小型沙漠哺乳动物提供养分。;TestVal299
300;Yucca;丝兰;TestVal300
301;Yucca;一种生长在沙漠中的小型多刺植物。这是 Equilinox 中最基础的沙漠植物，是开始创建沙漠生物群系的好起点。;TestVal301
302;Medium Cactus;中型仙人掌;TestVal302
303;Cactus;一种高大的仙人掌，几乎可以在沙漠生物群系的任何地方生长。这种仙人掌还会传播沙漠生物群系，非常适合提升沙漠生态系统的质量。;TestVal303
304;Prickly Pear;仙人掌梨;TestVal304
305;Prickly Pear;一种非常扎人的仙人掌植物。这种植物喜欢生活在不那么多石的沙漠地区。它也是传播沙漠生物群系的好帮手。;TestVal305
306;Umbrella Tree;伞树;TestVal306
307;Umbrella Tree;一种长着棕色叶子的非常高大的树。这是少数能在沙漠生物群系中生长的树之一。;TestVal307
308;Giant Cactus;巨型仙人掌;TestVal308
309;Giant Cactus;一种生长在沙漠中的巨大多刺仙人掌。这种壮观的植物喜欢生活在远离树荫的岩石沙漠环境中。;TestVal309
310;Desert Tree;约书亚树;TestVal310
311;Desert Tree;一种能够在沙漠中生长的多叶树，尽管只能生长在离水较近的低海拔地区。这是 Equilinox 中仅有的几种能扛住沙漠酷热的树之一！;TestVal311
312;Jungle Tree;榕树;TestVal312
313;Jungle Tree;一种生长在丛林中的细长藤蔓小树。这种绿叶树覆盖着藤蔓，可以在任何丛林生物群系中生长。;TestVal313
314;Tall Jungle Tree;冠层树;TestVal314
315;Tall Jungle Tree;一棵非常大的丛林树。这棵树上有许多树枝，可供丛林鸟类（如巨嘴鸟）落脚！这是 Equilinox 中最高的树之一，并且只生长在更高海拔的丛林地区。;TestVal315
316;Jungle Plant;丛林植物;TestVal316
317;Jungle Plant;一种中等大小的丛林植物，长着大叶子和一朵彩色的花。这朵花有各种不同的颜色。这种植物只能生活在多石的丛林地区。;TestVal317
318;Vine Tree;藤树;TestVal318
319;Vine Tree;一种藤蔓垂挂的多叶丛林树。这是最基础也是最小的丛林树。只要有岩石在附近，它可以在任何丛林地区生长。;TestVal319
320;Jungle Flower;丛林花;TestVal320
321;Jungle Flower;一片生长旺盛的大蓝花。这些花更喜欢在靠近水的丛林地区生长。蝴蝶等昆虫喜欢吸食这些大花朵的花蜜。;TestVal321
322;Jungle Mushroom;丛林蘑菇;TestVal322
323;Jungle Mushroom;一些在丛林生物群系中生长旺盛的蓝色蘑菇。更喜欢在略高一些的海拔生长。;TestVal323
324;Jungle Rocks;丛林岩石;TestVal324
325;Jungle Rocks;一些长满苔藓的丛林岩石。;TestVal325
326;Jungle Grass;丛林草;TestVal326
327;Jungle Grass;这种长草是 Equilinox 中最基础的丛林植物。它可以用作丛林生态系统的基础。;TestVal327
328;Special Mushroom;热带蘑菇;TestVal328
329;Special Mushroom;这种蘑菇是一种高大的快速生长蘑菇，生活在热带或丛林生物群系中。;TestVal329
330;Roses;报春花;TestVal330
331;Roses;一束美丽的粉色报春花。这是开始创建繁茂生物群系的好方法。;TestVal331
332;Tall Mushroom;高蘑菇;TestVal332
333;Tall Mushroom;一种长得有点像巫师帽的高大粉色蘑菇。这种蘑菇主要喜欢生活在繁茂生物群系中，但也能够在其他肥沃地区存活。它生长迅速，喜欢栖息地中有石块。;TestVal333
334;Bamboo;竹子;TestVal334
335;Bamboo;高大且营养丰富的绿色茎秆。这些竹笋深受熊猫喜爱，或者说等熊猫加入 Equilinox 之后就会深受喜爱！在繁茂生物群系的近水岩石地区生长最好。;TestVal335
336;Pink Tree;粉树;TestVal336
337;Pink Tree;一棵在繁茂生物群系中茁壮成长的可爱粉色树。这棵快速生长的树没什么特别的，但它有助于传播繁茂生物群系，并用于培育更令人惊艳的树。;TestVal337
338;Red Tree;红树;TestVal338
339;Red Tree;一棵分叉的小红树。这棵漂亮的树会不断飘落红叶，树枝间还有空间让鸟儿落脚筑巢。这棵树喜欢在繁茂地区生长。;TestVal339
340;Cherry Tree;樱花树;TestVal340
341;Cherry Tree;一棵美丽的巨大树木，粉色的叶子像雪一样飘落。这棵雄伟的树生长在繁茂生物群系中，是游戏中最贵的树之一。;TestVal341
342;Tropical Flower;热带花;TestVal342
343;Tropical Flower;一种生长在热带地区的小型彩色花。;TestVal343
344;Tropical Plant;凤梨科植物;TestVal344
345;Tropical Plant;这种开花的美丽多叶植物可以在大多数热带地区生长，只要该地区不是太岩石化。它是完善任何热带地区的绝佳选择，也有助于提升生物群系的质量。;TestVal345
346;Leafy Plant;多叶植物;TestVal346
347;Leafy Plant;一种生长在热带地区的多叶植物。它除了帮助提升热带生物群系的质量外没有太多用途。;TestVal347
348;Flowery Grass;花草地;TestVal348
349;Flowery Grass;一片长而缠绕的草地，点缀着明亮的小蓝花。这种热带草是开始创建热带生物群系的绝佳方式，许多奇异生物可以在其中生活。;TestVal349
350;Pine Tree;松树;TestVal350
351;Pine Tree;一种生活在高海拔地区的极其高大的针叶树。它是游戏中最高的树之一，更喜欢生活在雪原或森林生物群系中。有大量树枝供鸟类落脚筑巢。;TestVal351
352;Fir Tree;冷杉树;TestVal352
353;Fir Tree;一种生活在雪原生物群系中的针叶树。它更喜欢岩石地区和高海拔。它也能在贫瘠之地生长，因此是开始创建雪原生物群系的好树。;TestVal353
354;Spruce Tree;云杉树;TestVal354
355;Spruce Tree;一种生活在山区的又高又细的针叶树。这种树需要寒冷的气候，因此必须种在雪原生物群系中。它不能靠近岩石生长。;TestVal355
356;Bluebell;蓝铃花;TestVal356
357;Bluebell;一种生长在山地地区的小蓝花。这种植物只能在少数几个生物群系中生存，并且必须种在高海拔地区。;TestVal357
358;Holly Bush;冬青灌木;TestVal358
359;Holly Bush;一种生长在雪地地区的小灌木。这种灌木结出红色的小浆果，可以食用，对生活在雪原生物群系中的动物非常有用。这是少数几种能在高海拔生存的食物来源之一。;TestVal359
360;Snow Rocks;雪岩;TestVal360
361;Snow Rocks;一堆被雪覆盖的岩石。;TestVal361
362;Spiral Tree;螺旋树;TestVal362
363;Spiral Tree;一棵有趣的树，树枝扭曲盘旋。它生长在繁茂生物群系中，喜欢和竹子一起在水边生长。热带鸟类喜欢在这棵螺旋树上筑巢。;TestVal363
364;Flower Tree;花树;TestVal364
365;Flower Tree;一棵美丽的大热带树，黄色的花束垂挂而下。这棵雄伟的树生长在热带或草地地区，更喜欢在稍高海拔、远离水的地方生长。这棵生长缓慢的树也是鸟类筑巢的理想场所。;TestVal365
366;Palm Tree;棕榈树;TestVal366
367;Palm Tree;这种多叶热带树喜欢生活在热带生物群系的水边。棕榈树会结出椰子，椰子会时不时从树上掉下来，可以被各种动物吃掉。它是 Equilinox 中最基础的热带树。;TestVal367
368;Tulip;郁金香;TestVal368
369;Tulip;一小片色彩鲜艳的花，能为世界上任何枯燥的角落增添光彩！只要地形肥沃翠绿，这些郁金香几乎可以在任何地方生长。深受昆虫和各种小型哺乳动物喜爱。;TestVal369
370;Cyan Colour;青色;TestVal370
371;Mint;野生薄荷;TestVal371
372;Mint;一种散发强烈薄荷香气的多叶小草本植物。它是传播草原生物群系的好植物，而且营养相当丰富。;TestVal372
373;Birch;桦树;TestVal373
374;Birch;一种几乎可以在任何草地地区生长的高大树木。为任何草原生物群系增添可爱的一笔！;TestVal374
375;Red Maple;红枫树;TestVal375
376;Red Maple;红枫树是枫树的一种。它偏好的栖息地是草原生物群系的中高海拔地区。它喜欢生活在没有岩石的地方。;TestVal376
377;Marsh Grass;沼泽草;TestVal377
378;Marsh Grass;一些生长在沼泽地区的黏糊糊的紫色草。这种植物需要在水边生长，并有助于传播沼泽生物群系。;TestVal378
379;Willow;柳树;TestVal379
380;Willow;一棵看起来病恹恹的树，叶子下垂。这棵树在沼泽地区生长最好，偏好没有石头的土壤。周围有蘑菇时长势良好。;TestVal380
381;Red Mushroom;红蘑菇;TestVal381
382;Red Mushroom;一种大型红色沼泽蘑菇。喜欢生活在靠近水的沼泽地区，有助于提升沼泽生物群系的质量。;TestVal382
383;Duck;鸭子;TestVal383
384;Duck;鸭子是一种喜欢生活在水边的鸟类。它喜欢游泳，还能潜入水下吃海藻。作为鸟类，鸭子也会下蛋。;TestVal384
385;Kelp;巨藻;TestVal385
386;Kelp;一种生长在水下的二级海藻植物。巨藻有助于提升河床生物群系的质量，许多鱼类和水生动物都需要这种环境。它可以在淡水和热带水域中生长。;TestVal386
387;Seaweed;海藻;TestVal387
388;Seaweed;一些生长在水中的简单海藻。这种植物生长非常快，能为一些水生动物提供少量食物。这是开始创建水下生态系统所需的第一种植物。;TestVal388
389;Trout;鳟鱼;TestVal389
390;Trout;一种生活在 Equilinox 河流和湖泊中的小型淡水鱼。它大部分时间漫无目的地游来游去，经常被更大的鱼捕食。它需要栖息地中有一些水生植物才能生存。;TestVal390
391;Herring;红鱼;TestVal391
392;Herring;红鱼生活在 Equilinox 的河流和湖泊中。这种鱼喜欢生活在巨藻海藻植物生长的地方。它能在一些热带地区生长，尽管不喜欢栖息地中有贝壳。;TestVal392
393;Turtle;乌龟;TestVal393
394;Turtle;一种吃植物和水果的小型爬行动物。它既能在陆地上生活也能在水中生活，但需要潮湿的地区。受到惊吓时，它可以躲进壳里保护自己免受掠食者伤害。它通过下蛋繁殖。;TestVal394
395;Berry Bush;浆果灌木;TestVal395
396;Berry Bush;一种定期结出营养丰富红色浆果的小灌木。这些浆果可以为许多小动物提供食物来源。这种灌木在森林和林地地区生长良好。;TestVal396
397;Goat;山羊;TestVal397
398;Goat;山羊物种喜欢生活在高海拔地区，以小型植物和水果为食。虽然山羊害怕掠食者，但在受到攻击时会反击。它有时还会冲撞附近的水果树林，把树上所有的水果都撞下来。;TestVal398
399;Fruiter Ability;定期产出果实，可供动物食用。;TestVal399
400;Flee Ability;遇到掠食者会逃跑。;TestVal400
401;Attack Ability;被其他动物攻击时会反击。;TestVal401
402;Tree Charge Ability;冲撞附近果树，把果实撞到地上。;TestVal402
403;Fruit Production Buff;结果速率;TestVal403
404;Fruit Production Buff;果实产出速率取决于植物对环境的满意度。满意度越高，结出果实的速度就越快。;TestVal404
405;Guinea Pig;豚鼠;TestVal405
406;Guinea Pig;一种拖着步子走来走去的毛茸茸小动物。它更喜欢生活在草地或林地区域，吃水果、浆果、蔬菜和草。这种小啮齿动物很容易受惊，有时会无缘无故地惊慌失措。;TestVal406
407;Panic Description;有时会惊慌失措，恐惧地四处乱跑。;TestVal407
408;Clown Fish;小丑鱼;TestVal408
409;Clown Fish;一种色彩斑斓的鱼，看起来有点迷路。这种鱼生活在热带水域，通常成群结队。;TestVal409
410;Tropical Seaweed;热带海藻;TestVal410
411;Tropical Seaweed;一些生长在热带地区的海藻。需要生活在岩石附近，但不喜欢睡莲。是小丑鱼栖息地的完美之选。;TestVal411
412;Frog;青蛙;TestVal412
413;Frog;一种会跳跃的小动物。青蛙喜欢生活在丛林中，但也能在其他生物群系中生存。它以蜜蜂和蝴蝶等昆虫为食，并利用跳跃能力捕捉它们。虽然被归为爬行动物，但从严格意义上讲它并不是！;TestVal413
414;Butterfly;蝴蝶;TestVal414
415;Butterfly;一种非常鲜艳的昆虫，在田野间飞来飞去。它能提高附近果树的产量，喜欢有花的地区。是青蛙和蟾蜍的首要目标。;TestVal415
416;Insect Catching Ability;定期尝试捕捉并吃掉附近的昆虫。;TestVal416
417;Toad;蟾蜍;TestVal417
418;Toad;一种长满疙瘩的小生物，喜欢生活在沼泽地区。喜欢蘑菇，每当昆虫靠近时都会尝试捕捉它们。;TestVal418
419;Monkey Behaviour;幼年时挂在父母身上，被带着四处走。;TestVal419
420;Cling Behaviour;挂在父母身上;TestVal420
421;Cling Behaviour;走向父母;TestVal421
422;Swing Behaviour;在树上荡来荡去;TestVal422
423;Monkey;猴子;TestVal423
424;Monkey;一种敏捷的类人哺乳动物。猴子喜欢在丛林的树上荡来荡去，幼年时会挂在父母身上。喜欢吃水果，尤其是香蕉。;TestVal424
425;Swinging Ability;可以在树间荡来荡去（开发中）。;TestVal425
426;Bird;麻雀;TestVal426
427;Bird;一种小型森林鸟类。麻雀飞来飞去，偶尔落在附近树枝上。麻雀会筑巢并在巢中下蛋繁殖。只要有树木可用，这种鸟几乎可以轻松生活在世界的任何地方！;TestVal427
428;Nest;鸟巢;TestVal428
429;Nest;小鸟搭的巢。可以在这里下蛋。;TestVal429
430;Nesting Behaviour;需要鸟巢/巢穴才能繁殖。;TestVal430
431;Building ability, 0 = object that the species builds;有能力建造 $0$。;TestVal431
432;Toucan;巨嘴鸟;TestVal432
433;Toucan;一种长着大嘴的黑白丛林鸟！巨嘴鸟在树上筑巢并下蛋繁殖。虽然它主要是丛林鸟类，但也能在繁茂和热带生物群系中生存。;TestVal433
434;Beaver;海狸;TestVal434
435;Beaver;海狸是一种喜欢生活在水边的小型哺乳动物。它有能力砍倒树木，然后用树枝在水里建造巢穴。海狸繁殖需要巢穴。海狸喜欢吃树皮和水生植物。;TestVal435
436;Lodge;海狸巢穴;TestVal436
437;Lodge;海狸用树枝搭建的家。这些巢穴由海狸建造，是海狸繁殖所必需的。它们必须建在水边。;TestVal437
438;Bee;蜜蜂;TestVal438
439;Bee;一只嗡嗡叫的小蜜蜂！这些昆虫飞来飞去采集花蜜并建造蜂巢。当附近有建好的蜂巢时，蜜蜂会利用它开始生产蜂蜜。不过它们会蜇附近的哺乳动物，除非被安抚。;TestVal439
440;Hive;蜂巢;TestVal440
441;Hive;蜜蜂建造的蜂巢。蜜蜂可以随着时间推移通过不断到访来建造蜂巢，当蜂巢完全建好后，蜜蜂就会开始在里面生产蜂蜜。每只蜜蜂到访一次，蜂蜜量就会增加，蜂蜜可以被其他动物食用。;TestVal441
442;Info Type;总览;TestVal442
443;Info Type;栖息地;TestVal443
444;Info Type;能力;TestVal444
445;Hostile Ability;这种好斗的动物会随机攻击靠得太近的其他动物。;TestVal445
446;Attack Action Name;攻击;TestVal446
447;Meat;肉;TestVal447
448;Meat;中等体型死动物的肉。;TestVal448
449;Remaining portions of food;剩余份数;TestVal449
450;Snap Dragon;金鱼草;TestVal450
451;Snap Dragon;一种具有安抚作用的花。这种植物被吃掉时会对好斗的动物产生安抚效果。它需要非常肥沃的土壤才能生存，并且更喜欢林地区域。;TestVal451
452;Pacify Ability;被食用后能安抚好斗的动物。;TestVal452
453;Effect Buff Name;当前效果;TestVal453
454;Pacify Buff;被安抚;TestVal454
455;Pacify cause;这只动物目前处于被安抚状态，不会随机攻击附近其他动物。这种效果是由食用某种植物引起的。;TestVal455
456;Bee Ability;在完全建好的蜂巢中生产蜂蜜。;TestVal456
457;Homney Trait Name;蜂蜜产量;TestVal457
458;Rabbit;兔子;TestVal458
459;Rabbit;一种喜欢吃胡萝卜的饥饿的小啮齿动物。兔子喜欢在开满鲜花的田野里蹦来蹦去度过每一天。不过它们经常被掠食者捕猎。;TestVal459
460;Carrot;胡萝卜;TestVal460
461;Carrot;一种顶部有绿叶的根茎蔬菜。它可以食用叶子，有些动物还能挖出整根胡萝卜吃个精光，获得额外营养。不过它只能作为饮食的一部分，因为它无法提供完全支撑一只动物所需的全部营养。;TestVal461
462;Squirrel;松鼠;TestVal462
463;Squirrel;一种在森林或林地区域蹦来蹦去的小啮齿动物。喜欢吃坚果和种子，偶尔还会跳上树！;TestVal463
464;Nut Tree;坚果树;TestVal464
465;Nut Tree;一种定期结出坚果的中等树木。这棵树需要在草地或林地区域生长，并为小动物提供食物。松鼠非常喜欢这棵树，因为它们需要坚果来生存，也喜欢爬上这棵树的树枝。;TestVal465
466;Potato Plant;马铃薯植株;TestVal466
467;Potato Plant;一种多叶植物，地下藏着大量富含淀粉的马铃薯！大多数动物只会吃这种植物的叶子，但有些动物有能力把整株马铃薯挖出来，挖出下面所有富含淀粉的美味。;TestVal467
468;Lizard;蜥蜴;TestVal468
469;Lizard;一种生活在热带地区的小型、色彩斑斓、身覆鳞片的动物。这种动物对栖息地并不挑剔，几乎可以在任何热带或丛林地区生存。;TestVal469
470;Desert Hare;沙漠野兔;TestVal470
471;Desert Hare;沙漠野兔是一种生活在沙漠中的快速小动物。它以仙人掌和沙漠草为食，并利用速度躲避掠食者。;TestVal471
472;Fox;狐狸;TestVal472
473;Fox;一只狡猾的狐狸。这种动物有一身漂亮的橙色皮毛，会捕猎小型哺乳动物。捕猎时，狐狸会试图抓住一只小动物，然后把它的肉带回家，供其他狐狸食用。;TestVal473
474;Hunting prey info;捕食;TestVal474
475;Bird Meat;鸟肉;TestVal475
476;Bird Meat;一些来自死鸟的多汁肉。;TestVal476
477;Small Meat;小块肉;TestVal477
478;Small Meat;一小块来自某种小动物的生肉。;TestVal478
479;Pike;狗鱼;TestVal479
480;Pike;一种凶残的食肉鱼！狗鱼会追逐并吃掉其他鱼类，喜欢生活在河床生物群系中。;TestVal480
481;Fish Eating Ai description;追逐猎物;TestVal481
482;Deer;鹿;TestVal482
483;Deer;一种生活在森林里非常容易受惊的动物。鹿主要吃灌木丛里的水果，但也时不时喜欢尝一口蜂蜜。;TestVal483
484;Hiding Ability;可以藏在：;TestVal484
485;Wobbly Tree;摇摇树;TestVal485
486;Wobbly Tree;一棵形状奇特、长着几簇叶子的树。这棵树只能在很少有其他树木生长的草地地区存活。需要很大的生存空间。由于树枝结实、寿命长，它是鸟类筑巢的最爱。;TestVal486
487;Eucalyptus Tree;桉树;TestVal487
488;Eucalyptus Tree;一种非常高大的草原树，是 Equilinox 中最高的树之一！鸟类喜欢在这棵树的高枝上栖息筑巢。这棵生长缓慢的树只生活在草地地区。;TestVal488
489;Banana Tree;香蕉树;TestVal489
490;Banana Tree;谁不喜欢美味的香蕉呢？！这种美味的黄色小吃长在这种热带树上，偶尔会掉到地上。许多小动物都会喜欢吃掉下来的香蕉。;TestVal490
491;Spindly Tree;梧桐树;TestVal491
492;Spindly Tree;一棵长满树枝的大树，供鸟类落脚。这棵树更喜欢生活在林地或森林地区。附近的草本植物还会提升这棵树的环境满意度。;TestVal492
493;Swamp Tree;黏液树;TestVal493
494;Swamp Tree;这棵树生活在沼泽生物群系中，需要非常潮湿泥泞的环境才能生存。它生长相当缓慢，但它是传播沼泽生物群系的好帮手。;TestVal494
495;Orange Tree;橙子树;TestVal495
496;Orange Tree;这棵果树长大后会长出橙子，橙子偶尔会掉到地上，被各种动物吃掉。有些动物甚至能撞到树，让多个橙子同时掉下来。;TestVal496
497;Mango Tree;芒果树;TestVal497
498;Mango Tree;一棵生长在热带地区、结出芒果的大树。它结出的大果实会从树上掉到地上，供附近动物食用。它能够在丛林和热带生物群系的较高海拔地区生活。;TestVal498
499;Wolf;狼;TestVal499
500;Wolf;一只贪婪的狼！这种掠食者会捕猎羊等大型食草动物。它更喜欢生活在高海拔地区，喜欢树木繁茂的岩石区域。;TestVal500
501;Oregano;牛至;TestVal501
502;Oregano;一种开着小白花的芳香小草本植物。牛至能在贫瘠的土壤中生长，并传播林地生物群系，因此是创建林地生态系统的理想入门植物。它也可以成为小型生物的食物来源。;TestVal502
503;Turnip;芜菁;TestVal503
504;Turnip;一种长着非常美味紫色块根的小植物。有些动物有能力挖出这种植物吃芜菁，而其他动物只会吃叶子。;TestVal504
505;Bullrush;香蒲;TestVal505
506;Bullrush;一种生长在水边的高大禾草状植物。许多水生动物都喜欢这种植物。;TestVal506
507;Water Lily;睡莲;TestVal507
508;Water Lily;这种水生植物在河流和池塘中生长良好。它在沼泽和河床生物群系中生长最好，是许多水生动物栖息地的绝佳补充。;TestVal508
509;Swamp Flower;沼泽花;TestVal509
510;Swamp Flower;一朵丑陋发霉的花。这种令人作呕的稀有植物生长在沼泽生物群系中。它不喜欢周围有蘑菇，所以尽量把它种在没有真菌的地方。;TestVal510
511;Tomato Plant;番茄植株;TestVal511
512;Tomato Plant;这种小型植物生长相对较快，能结出动物可以食用的多汁番茄。不过它相当难种，只能在非常肥沃的草地或林地区域的低海拔地区生存。;TestVal512
513;Blueberry Bush;蓝莓灌木;TestVal513
514;Blueberry Bush;一种结着美味蓝色浆果的大灌木。这种灌木在肥沃地区生长时能结出大量营养丰富的水果，因此可以成为许多动物的绝佳食物来源。;TestVal514
515;Breed Requirements Title;需求;TestVal515
516;Base Species Indicator;基础物种;TestVal516
517;Not yet discovered species;未发现！;TestVal517
518;Peacock;孔雀;TestVal518
519;Peacock;一种美丽而华丽的鸟！孔雀生活在繁茂、草原或林地生物群系中，偏好栖息地中有花。这只鸟有一身华丽的尾羽，偶尔用它来威慑敌人或其他孔雀。;TestVal519
520;Stats Tool Tip Title;统计数据;TestVal520
521;Stats Tool Tip Desc;关于这株植物/这只动物健康状况和当前状态的统计数据。;TestVal521
522;Evolve Tool Tip;进化;TestVal522
523;Evolve Tool Tip;开始新的进化过程以解锁新物种的选项。选择你想解锁的物种，如果所有条件都满足，就可以支付一些 DP 开始进化过程。;TestVal523
524;Actions Tool Tip;操作;TestVal524
525;Actions Tool Tip;可对该生物执行的各种操作。;TestVal525
526;Traits Tool Tip;特性;TestVal526
527;Traits Tool Tip;这株植物/这只动物当前特性的列表，以及基因改造传给后代特性的选项。;TestVal527
528;Buffs Tool Tip;表现增益;TestVal528
529;Buffs Tool Tip;目前影响该生物行为的所有增益效果。将鼠标悬停在增益效果上可查看其来源。;TestVal529
530;Evolution Tree Tool Tip;进化树;TestVal530
531;Evolution Tree Tool Tip;可以从该物种解锁的所有物种。将鼠标悬停在某个物种上，查看解锁它所需的条件。;TestVal531
532;Breeding Tool Tip;如何进化;TestVal532
533;Breeding Tool Tip;解锁该物种所需解锁的物种链条。将鼠标悬停在某个物种上，查看解锁它所需的条件。;TestVal533
534;Info Tool Tip;基本信息;TestVal534
535;Info Tool Tip;关于该物种的基本信息。;TestVal535
536;Dead Tree;枯树;TestVal536
537;Dead Tree;它是怎么生长的？没人知道。但我们知道的是，这棵黏糊糊的树生长在沼泽生物群系中。它是游戏中最难生长的树之一，但有很多树枝供鸟类栖息。;TestVal537
538;Diet Information (It eats the following:);食物;TestVal538
539;Hunger Info;所需食物/小时;TestVal539
540;Food Points;食物点数;TestVal540
541;Under Sea Task;海底世界;TestVal541
542;Under Sea Task desc;既然你有了海藻物种，你也可以开始在水下传播野生动物了。把海藻放到足够深的水中，等待它蔓延，创造出新的河床生物群系，从而开始新的水下生态系统。;TestVal542
543;Fishing Task;去钓鱼;TestVal543
544;Fishing Task;此任务需要你创建完整的水下生态系统，包含多种鱼类和海藻。先解锁必要的水生植物和鱼，然后用它们创建平衡的生态系统。;TestVal544
545;Diversify Task;多元化;TestVal545
546;Diversify Task;你现在可以从世界现有的动植物中培育出越来越多的物种。使用进化系统解锁一些新物种，为世界增添更多多样性。如果不知道下一步该进化什么，看看工具栏中的 状态与信息 标签找找灵感！;TestVal546
547;Evolution task Requirement, $0$ = number, $1$ = species name;进化出 $0$ 个新的 $1$ 物种;TestVal547
548;Evolution Task Req, $0$ = species name;已进化 $0$;TestVal548
549;An Apple a Day Task;一天一苹果;TestVal549
550;An Apple a Day Task;一些树木和灌木长大后可以结出果实，果实会定期从树上掉到地上供动物食用。此任务需要你让一只绵羊吃一个苹果，苹果会从苹果树上掉下来。;TestVal550
551;Eating Requirement, $0$ = food type;已吃掉 $0$;TestVal551
552;Eating Requirement, $0$ = animal, $1$ = count, $2$ = food;让一只 $0$ 吃掉 $1$ 个 $2$;TestVal552
553;Apple Every Day Task;每天一个苹果;TestVal553
554;Apple Every Day Task;这是一个可重复任务！你可以一遍又一遍地完成它，每次都能获得奖励。在世界中多放些苹果树，开始种植苹果，换取更稳定的 DP 收入！;TestVal554
555;Breed Req, $0$ = species;已产出 $0$;TestVal555
556;Breed Req, $0$ = count, $1$ = species;产出 $0$ 个 $1$;TestVal556
557;Apples Req;已产出的苹果;TestVal557
558;Apples Req, $0$ = count;产出 $0$ 个苹果;TestVal558
559;Diet Requirement;饮食;TestVal559
560;Apple Name;苹果;TestVal560
561;Barley;大麦;TestVal561
562;Barley;一种长出美味种子的草本植物。这种小型植物生长在林地生物群系中，是小型动物和鸟类的重要食物来源。可以和草本植物一起种植。;TestVal562
563;Bird Task Name (it's part of a saying, so don't translate literally);到手之鸟;TestVal563
564;Bird Task;用鸡培育出麻雀物种！有了一些麻雀后，确保它们生活在附近有合适树木可以筑巢的地方。寿命长、树枝多的树效果最好。过一段时间，鸟儿们就会开始筑巢！;TestVal564
565;Nest Building Req Short;已建成的鸟巢;TestVal565
566;Nest Building Req Long;让世界拥有一个完全建成且装满蛋的鸟巢;TestVal566
567;Duck Task;完全嘎嘎叫;TestVal567
568;Duck Task;用鸡培育出一些鸭子！为它们创造一片舒适的居住区域，靠近水边，既有水生植物也有陆地植物。;TestVal568
569;Grassy Plains Task;草原平原;TestVal569
570;Grassy Plains Task;开始培育草原植物、花卉和树木并使其多样化，打造美丽繁茂的草甸！通过满足新物种的繁殖条件，使用进化系统解锁新物种。;TestVal570
571;Merry Berry Task;快乐浆果;TestVal571
572;Merry Berry Task;解锁浆果灌木，为它创造合适的生长区域。在区域中放一些绵羊，确保它们吃够浆果！;TestVal572
573;Deserted Task;沙漠化;TestVal573
574;Deserted Task;在世界中创建沙漠生物群系，并至少拥有三种不同类型的仙人掌。;TestVal574
575;Woodland Task;林地生物群系;TestVal575
576;Woodland Task;开始使用进化系统解锁更多林地植物。牛至可以通过进化草来解锁，林地树木可以从橡树培育而来。用这些植物在世界中打造一个漂亮的林地生物群系，为一些林地生物做准备！;TestVal576
577;Carrot Task;兔子食物;TestVal577
578;Carrot Task;在兔子生活的区域种些胡萝卜，让兔子吃掉它们。但要小心，仅靠胡萝卜不足以满足兔子的饥饿，所以附近还需要其他食物来源。;TestVal578
579;24 Carrot Gold Task;24K胡萝卜金;TestVal579
580;24 Carrot Gold Task;基因改造一些胡萝卜，创造出闪闪发光的新品种金胡萝卜！把它们放在兔子生活的区域，让兔子挖出来吃掉。这是一个可重复任务，所以你可以不断完成并领取奖励。;TestVal580
581;Eating Requirement, $0$ = colour, $1$ = food type;已吃掉 $0$ $1$;TestVal581
582;Eating Requirement, $0$ = animal, $1$ = count, $2$ = colour, $3$ = food;让一只 $0$ 吃掉 $1$ 个 $2$ $3$;TestVal582
583;Forest Fauna Task;森林动植物;TestVal583
584;Forest Fauna Task;解锁更多森林植物和树木。有 3 种树和 3 种植物需要解锁。如果你全部培育出来，就会为雪原生物群系解锁一个新物种！;TestVal584
585;Mountaineering Task;登山运动;TestVal585
586;Mountaineering Task;在山上建立雪原生物群系，进化一些雪原生物群系的树木和植物，然后为绵羊创建一个有食物来源的合适山地生活区。这样你就能培育出山羊了！;TestVal586
587;Nut Task;全是坚果！;TestVal587
588;Nut Task;为一窝松鼠创建合适的林地生活区，并为它们提供坚果来源！此任务还要求世界中有至少 3 棵坚果树。;TestVal588
589;Nut Name;坚果;TestVal589
590;Deer;噢，鹿;TestVal590
591;Deer;让绵羊生活在林地生物群系中并以浆果为食，从而培育出鹿。解锁鹿物种后，确保它有合适的栖息地！;TestVal591
592;The Tropics Task;热带地区;TestVal592
593;The Tropics Task;热带生物群系是许多奇异生物的家园，是时候开始创建你的第一个热带生态系统了！创建一片热带草地区域，解锁多叶植物物种，并将其加入新的热带生物群系。;TestVal593
594;Coconut Task;全是椰子！;TestVal594
595;Coconut Task;为此任务建立你自己的小椰子树农场！在热带生物群系中放置一些棕榈树，确保它们对生长环境足够满意，从而产出大量椰子！;TestVal595
596;Coconut Name;椰子;TestVal596
597;Tropical Waters Task;热带水域;TestVal597
598;Tropical Waters Task;解锁一些热带陆地植物后，你就可以利用热带生物群系进化热带海藻物种了。这将让你解锁小丑鱼。这将是你水下热带生物群系的开始，是许多色彩斑斓鱼类物种的完美栖息地。;TestVal598
599;Marsh Task;陷入沼泽;TestVal599
600;Marsh Task;沼泽生物群系是一个黏糊糊的潮湿区域，大多数植物都难以在其中生长。不过有少数特定物种可以在那里生存。先用沼泽草和蘑菇开始创建沼泽生态系统。;TestVal600
601;Potato Task;土豆，土豆;TestVal601
602;Potato Task;一些聪明的动物能够挖出根茎蔬菜，为附近区域撒下额外的食物。野猪能够挖出马铃薯，所以在有野猪的区域种一些马铃薯植株，看着它们挖出来吃掉！;TestVal602
603;Potato name;马铃薯;TestVal603
604;Jungle Task;丛林之中;TestVal604
605;Jungle Task;用丛林草开始创建新的丛林生物群系。解锁丛林植物来提升生物群系质量，为强大的丛林生态系统做好准备！;TestVal605
606;Jungle Task;强大丛林;TestVal606
607;Jungle Task;培育一些更高等级的丛林物种，把它们加入你的丛林生物群系，打造一片茂密的丛林！这里将是昆虫生活的绝佳场所！;TestVal607
608;Mango Name;芒果;TestVal608
609;Butterfly Catch Req;已捕捉的蝴蝶;TestVal609
610;Butterfly Catch Req, 0 = count;让青蛙捕捉 $0$ 只蝴蝶。;TestVal610
611;Buftterfly Catch Task;捕捉蝴蝶;TestVal611
612;Buftterfly Catch Task;青蛙和蟾蜍等物种能够捕捉蝴蝶！创造一个青蛙和蝴蝶可以共同生活的栖息地，看着青蛙疯狂跳跃，试图抓到一顿美味！;TestVal612
613;Turnip Task;难得的芜菁;TestVal613
614;Turnip Task;疣猪是能生活在沼泽生物群系中的物种之一。这种动物只有在有足够芜菁可吃的情况下才能在沼泽中生存，所以为饥饿的疣猪打造一个充满芜菁的美味栖息地吧！;TestVal614
615;Lush Grass;繁茂草地;TestVal615
616;Lush Grass;一片亮绿色的草地，点缀着粉色和白色的小花。这种充满生机的植物可以在贫瘠之地生长，并传播繁茂生物群系，因此是创建繁茂生态系统的绝佳起点。与报春花一起种植效果很好。;TestVal616
617;Suitable Biome Requirement status (followed by a percentage);适宜生物群系;TestVal617
618;Suitable biome factor name (followed by list of suitable biomes);适宜生物群系;TestVal618
619;Barren Land biome;贫瘠之地;TestVal619
620;Hunger bar Name;饥饿;TestVal620
621;Current food diet title;饮食;TestVal621
622;Orange (the fruit);橙子;TestVal622
623;Mixed (as in a mixed diet);混合;TestVal623
624;Beaver Task Name;忙碌的海狸;TestVal624
625;Beaver Task Description;海狸是 Equilinox 中最有趣的生物之一。如果你把它们放在有树的水边区域，它们就会开始建造巢穴！它们会砍倒树木，用木材在水边建造巢穴。;TestVal625
626;Lodge Build Requirement Short;已建成的巢穴;TestVal626
627;Lodge Build Requirement Long;完全建成的海狸巢穴;TestVal627
628;Butterfly Task Name;翩翩飞舞;TestVal628
629;Butterfly Task Desc;没有一些爬虫小虫的世界会很无聊！你能放进世界的第一种昆虫是蝴蝶。这些生物一开始是小毛毛虫，但很快就会长成光彩夺目的彩色蝴蝶！确保附近有大量的花！;TestVal629
630;Honey Task;蜂蜜，我回来了！;TestVal630
631;Honey Task Name;Equilinox 中的蜜蜂有能力建造蜂巢结构并在其中生产蜂蜜。你只需要确保附近有充足的花供应，蜜蜂就会快乐地工作，生产出甜美的金色美味。;TestVal631
632;Turtle Task;饥饿的乌龟;TestVal632
633;Turtle Task Description;乌龟喜欢吃多样化的饮食，所以为一些乌龟创建合适的区域，并为它们提供不同的食物来源。它们最喜欢的食物是椰子和热带海藻。;TestVal633
634;Mushroom Task;蘑菇大师;TestVal634
635;Mushroom Task;蘑菇是几乎所有栖息地的绝佳补充！沿着蘑菇进化树一路前进，解锁所有不同的蘑菇物种即可完成此任务。;TestVal635
636;Lush Task;繁茂！;TestVal636
637;Lush Task Description;繁茂生物群系是一个美妙的粉色生物群系，孕育着 Equilinox 中最美丽的一些树木。从基础的繁茂植物和第一棵繁茂生物群系树木开始创建你的新生物群系。;TestVal637
638;Pike Task;狗鱼出击;TestVal638
639;Pike Task;Equilinox 并非全是和平——有些动物是掠食者，以其他动物的肉为食！狗鱼就是这样的物种。这种大型鱼类生活在河床生物群系中，捕猎较小的鱼。其他鱼会试图逃跑躲藏，但狗鱼快得多！;TestVal639
640;More tasks message, 0 = count;还有 $0$ 个任务……;TestVal640
641;Repeating task category;可重复;TestVal641
642;Turtle Ability;附近有掠食者时缩进壳里保护自己。;TestVal642
643;Turtle Action Description;躲藏中;TestVal643
644;Scare Ability;吓唬动物;TestVal644
645;Altitude Factor Name;海拔因素;TestVal645
646;Good Altitude;良好;TestVal646
647;Bad Altitude;较差;TestVal647
648;Below an altitude, 0=altitude;低于 $0$ 米;TestVal648
649;Above an altitude, 0 = altitude;高于 $0$ 米;TestVal649
650;Between two altitudes, 0 = altitude, 1 = altitude;介于 $0$ 米和 $1$ 米之间;TestVal650
651;Preferred Living Altitude;偏好海拔;TestVal651
652;Music Unlock Reward Info, 0 = track name;解锁 $0$ 音乐曲目;TestVal652
653;Music Unlock Notification Title;已解锁音乐曲目！;TestVal653
654;Music Unlock Notification Description, 0=track name;$0$ 音乐曲目现已解锁，可在音乐标签中播放。;TestVal654
655;Music Queue;播放队列;TestVal655
656;Task Requirement Done;已完成;TestVal656
657;Task Requirement Not Done;未完成;TestVal657
658;Animal Death Notification;动物死亡;TestVal658
659;Animal Death notification content, 0 = animal name;$0$ 不幸去世了。;TestVal659
660;Animal Name;名字;TestVal660
661;Autosave message;自动保存中……;TestVal661
662;Sheep Baa Task Requirement Name;绵羊咩叫;TestVal662
663;Sheep Baa Task Requirement Desc;操控一只绵羊并咩叫;TestVal663
664;Cutting Tree Requirement, 0 = count;已砍伐 $0$ 棵树;TestVal664
665;Cutting Tree Requirement, 0 = count;让一些海狸砍倒 $0$ 棵树;TestVal665
666;Tree Cutting Task Name;伐木节奏;TestVal666
667;Tree Cutting Task Desc;我试图为这个标题编一个数学笑话。它既像对数（logarithm），又像伐木者的节奏（logger rhythm），因为这个任务就是要让海狸进入良好的伐木节奏。也许我想太多了。这是一个可重复任务，所以每次完成都能获得大量 DP。砍砍砍！;TestVal667
668;Hungry Fish Task;饥饿的鱼;TestVal668
669;Hungry Fish Task Desc;狗鱼算是美食专家，喜欢品尝各种不同种类的鱼。这个可重复任务每次狗鱼吃掉一定数量的其他鱼时，都会为你提供 DP 奖励。;TestVal669
670;Butterfly Hunter;蝴蝶猎手;TestVal670
671;Butterfly Hunter Task;那些青蛙还在饿着！确保青蛙有源源不断的蝴蝶可吃，你就有了新的多样性点数收入来源。;TestVal671
672;Banana Farmer;香蕉农夫;TestVal672
673;Banana Farmer Task;开始种香蕉吧！创建一座完整的香蕉种植园，开始大把赚钱！香蕉树越多，收获的香蕉越多，收入也就越高。确保它们对生长环境满意，以获得最大产量。;TestVal673
674;Banana Requirement;已产出的香蕉;TestVal674
675;Banana Requirement, 0 = count;产出 $0$ 根香蕉;TestVal675
676;Tree Bark Name;树皮;TestVal676
677;Honey Harvester Task;蜂蜜收割者;TestVal677
678;Honey Harvester Task;是时候收割蜜蜂酿造的所有美味蜂蜜了！如果世界中有熊，它们可以帮你收割。否则，你需要在蜂巢的操作标签中手动收割蜂蜜。;TestVal678
679;Honey Harvester Req Short;已收割的蜂蜜;TestVal679
680;Honey Harvester Req;从蜂巢中收割蜂蜜;TestVal680
681;Digging a Hole Task;挖个洞;TestVal681
682;Digging a Hole Task;野猪想吃马铃薯！为它们提供成片的马铃薯植株让它们挖，你就能赚到更多 DP。;TestVal682
683;Welcome Message Title;欢迎;TestVal683
684;Welcome Message;欢迎来到 Equilinox！点击闪烁的任务标签，按照第一个任务的指引开始游戏。;TestVal684
685;Start Breeding Button;开始进化;TestVal685
686;Breed requirements not met;条件未满足;TestVal686
687;Not enough money button;DP 不足;TestVal687
688;Breeding in progress message;进行中;TestVal688
689;Species unlocked message;已解锁！;TestVal689
690;Message to say which species this entity evolves from;由以下物种进化而来;TestVal690
691;Bear Name;熊;TestVal691
692;Bear Description;一只又大又吓人的熊！这种大型哺乳动物在森林中游荡，永不停歇地寻找蜂蜜。熊有能力从蜂巢中收割和吃掉蜂蜜，并且能承受愤怒蜜蜂的大量蜇刺！熊通常很温顺，但偶尔也会生气，攻击附近其他较小的动物。;TestVal692
693;Generate World Button;生成世界;TestVal693
694;World Size Option Name;世界大小;TestVal694
695;World Size Option;小;TestVal695
696;World Size Option;普通;TestVal696
697;World Size Option;大;TestVal697
698;Water Options;水域选项;TestVal698
699;Water Options;干燥世界;TestVal699
700;Water Options;普通世界;TestVal700
701;Water Options;潮湿世界;TestVal701
702;Terrain Options;地形选项;TestVal702
703;Terrain Options;平坦;TestVal703
704;Terrain Options;普通;TestVal704
705;Terrain Options;多山;TestVal705
706;Ash Tree Name;白蜡树;TestVal706
707;Ash Tree Description;一种非常耐寒的树，能够在各种不同的生物群系中轻松生长。它更喜欢周围有花，栖息地里有岩石。一棵非常好看的树，深受许多动物喜爱！;TestVal707
708;Help Pages;野生动物基础;TestVal708
709;Help Pages;Equilinox 中的每株植物和每只动物都有自己的生命周期。它们会随时间生长、繁殖，最终死亡。本节将讲解照料野生动物的基础知识！;TestVal709
710;Help Pages;物种信息面板;TestVal710
711;Help Pages;点击商店中某物种旁边的信息图标，即可打开 物种信息面板。该面板显示该物种的一些基本数据，并提供关于物种偏好栖息地的信息。;TestVal711
712;Help Pages;健康;TestVal712
713;Help Pages;将生物放入世界后，你需要留意它的健康。随着生物变老，它的健康会自然下降。健康也受环境因素、当地种群数量和物理伤害的影响。当健康值降为零时，动物或植物就会死亡。;TestVal713
714;Help Pages;繁殖;TestVal714
715;Help Pages;Equilinox 中的所有物种都会自动繁殖，你不需要做任何事。这会导致植物在附近区域蔓延，动物种群不断增长。;TestVal715
716;Help Pages;栖息地;TestVal716
717;Help Pages;所有物种对周围环境都有一定的偏好。有些喜欢生活在特定的海拔或生物群系中，而有些可能需要某些植物或岩石的存在。你可以在 物种信息面板 中查看物种的栖息地偏好。;TestVal717
718;Help Pages;食物与资源;TestVal718
719;Help Pages;Equilinox 中的许多生物需要特定的资源，如食物或建筑材料。你需要确保它们有可持续的生存供给，以保持生态系统平衡。;TestVal719
720;Help Pages;多样性点数 (DP);TestVal720
721;Help Pages;多样性点是游戏内货币，有多种赚取和消费方式。;TestVal721
722;Help Pages;从动物赚取 DP;TestVal722
723;Help Pages;赚取 DP 的一种方式是让动物在世界中生存。每只动物每分钟都会产生少量 DP。动物越快乐越健康，产生的 DP 就越多。你每分钟从动物那里赚取的 DP 总额显示在工具栏上。;TestVal723
724;Help Pages;从任务赚取 DP;TestVal724
725;Help Pages;完成游戏内任务是赚取 DP 的另一种方式。完成任务后你会获得一些 DP 奖励。许多任务是可重复的，这意味着你可以一遍又一遍地完成它们并每次都获得奖励。因此，这些任务可以为你提供稳定的 DP 收入。;TestVal725
726;Help Pages;商店;TestVal726
727;Help Pages;赚到一些 DP 后，你就会想花掉它！一种方式是在商店购买新物种和物品放进你的世界。点击想买的物品，然后将其放入世界即可购买。;TestVal727
728;Help Pages;购买基因改造;TestVal728
729;Help Pages;DP 的另一个用途是基因改造动物和植物的特性。这在 遗传学 帮助部分有更多介绍，但基本上你可以支付 DP 来基因改造一个物种的特征。;TestVal729
730;Help Pages;解锁新物种;TestVal730
731;Help Pages;多样性点的最后一种用途是通过进化系统解锁新物种。要开始进化新物种，你首先需要支付 DP 费用。想了解更多，请查看 进化 帮助部分。;TestVal731
732;Help Pages;生物群系;TestVal732
733;Help Pages;当你开始用生命填满世界时，你会注意到地形开始变色。这就是生物群系，它们由植物传播，许多不同的物种都需要它们。;TestVal733
734;Help Pages;传播生物群系;TestVal734
735;Help Pages;一些植物有能力在它们生长的区域周围传播生物群系。不同的植物传播不同的生物群系。你可以在 物种信息面板 中查看植物传播哪种生物群系。;TestVal735
736;Help Pages;生物群系的用途;TestVal736
737;Help Pages;有些物种需要生活在特定的生物群系中才能生存，而有些物种则有根本无法忍受的生物群系。你可以在 物种信息面板 的 栖息地 标签中查看物种偏好哪些生物群系。某些生物群系也经常是进化新物种时所需的。;TestVal737
738;Help Pages;生物群系测试工具;TestVal738
739;Help Pages;在屏幕顶部的工具栏中，你可以找到 生物群系测试仪 工具。选中该工具后，你可以将鼠标悬停在地形的任何部分上，查看该点各种生物群系的强度。;TestVal739
740;Help Pages;遗传学;TestVal740
741;Help Pages;你世界中的每株植物和每只动物都有特性。特性决定植物或动物的某些特征，并在繁殖过程中传给后代。;TestVal741
742;Help Pages;特性;TestVal742
743;Help Pages;植物/动物的特性决定它的某些特征，如速度、颜色或产量。你可以通过点击任何野生动物来打开状态面板并进入特性标签，查看它的特性。;TestVal743
744;Help Pages;繁殖;TestVal744
745;Help Pages;植物或动物繁殖时，它们的特性会传给后代，但会有细微变化。这意味着后代通常与父母长得相似、特征相近。;TestVal745
746;Help Pages;定向培育;TestVal746
747;Help Pages;在特性标签中，你会找到定向培育该生物的选项。选择此选项会使该动物或植物成为当地的主要繁殖者。几乎所有繁殖都会涉及那株植物或那只动物，这意味着许多后代都会具有与它相似的特性。这是复制你所欣赏的特定特征的好方法。;TestVal747
748;Help Pages;基因改造;TestVal748
749;Help Pages;你可以花费 DP 修改繁殖过程中遗传的特性。选择 定向培育 选项后，点击某个特性旁边的按钮并选择一种改造。满意后，可以支付一些 DP 购买该改造。这些改造会在繁殖遗传特性时生效，所以结果只会体现在后代身上。;TestVal749
750;Help Pages;开始上手;TestVal750
751;Help Pages;欢迎来到 Equilinox！本节将教你游戏的基础知识，帮助你开始创建第一批生态系统。;TestVal751
752;Help Pages;物种商店;TestVal752
760;Help Pages;进化物种;TestVal760
761;Help Pages;随着游戏进度推进，你将能够进化现有的野生动植物，解锁令人兴奋的新物种！;TestVal761
762;Help Pages;进化树;TestVal762
763;Help Pages;Equilinox 中的许多物种必须先由其他物种进化而来。你可以在 物种信息面板 中点击 进化树标签 查看某个物种的进化树。这里显示从选中的植物/动物可以进化出的所有物种。;TestVal763
764;Help Pages;进化条件;TestVal764
765;Help Pages;要进化新物种，必须满足某些条件。将鼠标悬停在进化树中未发现的物种上，查看进化该物种的条件。父物种需要满足这些条件才能解锁子物种。这些条件可能是生活在特定生物群系、有特定饮食，或是某种颜色等。;TestVal765
766;Help Pages;开始进化过程;TestVal766
767;Help Pages;要开始进化，请在世界中点击要进化的植物或动物，进入 进化 标签。这里可以看到可以进化出哪些子物种。点击子物种旁边的箭头查看条件，如果条件满足，就可以支付一些 DP 开始进化过程！;TestVal767
768;Help Pages;进化中;TestVal768
769;Help Pages;开始进化过程后，会显示一个进度条。只要进化条件仍然满足，进度就会随时间慢慢增加。当进度条走满时，新物种就会诞生！;TestVal769
770;Help Pages;新物种;TestVal770
771;Help Pages;新的植物或动物物种会出现在世界中靠近父母的地方。它头上有图标，所以很容易发现！这个新物种需要自己的生存区域，所以你可以点击它把它捡起来，放到合适的位置。;TestVal771
772;Help Pages;状态面板;TestVal772
773;Help Pages;你可以点击世界中的任何植物或动物，打开它的状态面板。该面板包含所选植物/动物的状态和信息，还允许你对它做一些更改。;TestVal773
774;Help Pages;状态标签;TestVal774
775;Help Pages;第一个标签是状态标签，显示生物当前的状态。包括年龄、健康、环境满意度和饥饿度等。对动物来说，它还会显示当前饮食，并告诉你它们正在做什么。;TestVal775
776;Help Pages;特性标签;TestVal776
777;Help Pages;该标签显示植物或动物从父母那里继承的特性。你还会找到定向培育这种生物和基因改造其特性的选项。你可以在 遗传学 帮助部分了解更多信息。;TestVal777
778;Help Pages;进化标签;TestVal778
779;Help Pages;Equilinox 中的一些物种可以进化以解锁新物种。在进化标签中，你可以开始子物种的进化过程。你可以在 进化物种 帮助部分了解更多关于进化的信息。;TestVal779
780;Help Pages;增益标签;TestVal780
781;Help Pages;动物或植物的行为会受到周围环境的影响。例如，附近有昆虫生活时，果树会获得果实产量加成。该标签显示生物当前受到的影响，如果将鼠标悬停在增益上，它会解释原因。;TestVal781
782;Help Pages;操作;TestVal782
783;Help Pages;操作标签提供可以对生物执行的各种操作。这些操作包括将其从世界中移除、移动到不同位置，或操控动物的移动等。;TestVal783
784;Help Pages;信息按钮;TestVal784
785;Help Pages;点击信息按钮会打开 物种信息面板。该面板包含关于这个特定物种的基本信息。;TestVal785
786;Rose;玫瑰;TestVal786
787;Rose;一朵美丽的玫瑰。通常玫瑰长在小灌木丛中，但这朵不是！这朵可爱的花可以在许多不同的生物群系中快乐生长。;TestVal787
788;Sunflower;向日葵;TestVal788
789;Sunflower;一朵会转向太阳的高大黄花。这种花更喜欢生活在没有树的地区，这样它就能一整天都完全看到太阳。;TestVal789
790;Pansies;三色堇;TestVal790
791;Pansies;一小束颜色漂亮的花。这些花在大多数肥沃地区都能良好生长，但无法在丛林中生长。;TestVal791
792;Lily;百合;TestVal792
793;Lily;一簇白色的小林地花。这些花能在大多数绿色生物群系中生长，对蜜蜂有安抚作用。;TestVal793
794;Follow entity UI title;跟随中;TestVal794
795;Game saved message;游戏已保存！;TestVal795
796;Biome Name;草原;TestVal796
797;Biome Name;森林;TestVal797
798;Biome Name;河床;TestVal798
799;Biome Name;沙漠;TestVal799
800;Biome Name;雪原;TestVal800
801;Biome Name;丛林;TestVal801
802;Biome Name;沼泽;TestVal802
803;Biome Name;繁茂;TestVal803
804;Biome Name;林地;TestVal804
805;Biome Name;热带;TestVal805
806;Category Name;植物;TestVal806
807;Category Name;动物;TestVal807
808;Category Name;非生命体;TestVal808
809;Category Name;树木;TestVal809
810;Category Name;森林树木;TestVal810
811;Category Name;草原树木;TestVal811
812;Category Name;林地树木;TestVal812
813;Category Name;繁茂树木;TestVal813
814;Category Name;沙漠树木;TestVal814
815;Category Name;山地树木;TestVal815
816;Category Name;沼泽树木;TestVal816
817;Category Name;丛林树木;TestVal817
818;Category Name;热带树木;TestVal818
819;Category Name;灌木;TestVal819
820;Category Name;仙人掌;TestVal820
821;Category Name;小型植物;TestVal821
822;Category Name;水生植物;TestVal822
823;Category Name;禾草;TestVal823
824;Category Name;根茎蔬菜;TestVal824
825;Category Name;蔬菜植株;TestVal825
826;Category Name;蕨类;TestVal826
827;Category Name;花卉;TestVal827
828;Category Name;草本植物;TestVal828
829;Category Name;蘑菇;TestVal829
830;Category Name;果灌木;TestVal830
831;Category Name;叶灌木;TestVal831
832;Category Name;岩石/石块;TestVal832
833;Category Name;石块;TestVal833
834;Category Name;大岩石;TestVal834
835;Category Name;其他;TestVal835
836;Category Name;云;TestVal836
837;Category Name;落果;TestVal837
838;Category Name;蔬菜;TestVal838
839;Category Name;坚果;TestVal839
840;Category Name;肉类;TestVal840
841;Category Name;建筑结构;TestVal841
842;Category Name;鱼类;TestVal842
843;Category Name;小型鱼类;TestVal843
844;Category Name;大型鱼类;TestVal844
845;Category Name;食草动物;TestVal845
846;Category Name;鸟类;TestVal846
847;Category Name;小型鸟类;TestVal847
848;Category Name;猛禽;TestVal848
849;Category Name;食肉动物;TestVal849
850;Category Name;小型食肉动物;TestVal850
851;Category Name;大型食肉动物;TestVal851
852;Category Name;昆虫;TestVal852
853;Category Name;爬行动物;TestVal853
854;Category Name;大型食草动物;TestVal854
855;Category Name;中型食草动物;TestVal855
856;Category Name;小型食草动物;TestVal856
857;Sounds from website, in credits;声音来源;TestVal857
858;Sounds from website, in credits;更多声音来源;TestVal858
859;Check List Category;植物清单;TestVal859
860;Check List Category;动物清单;TestVal860
861;Check List Category;音乐曲目清单;TestVal861
862;Check List Category;任务清单;TestVal862
863;Progress text in progress bar;进度;TestVal863
864;Hunting Task requirement, 0=prey;已捕猎 $0$;TestVal864
865;Hunting Task requirement, 0=count, 1=predator, 2=prey;让一只 $1$ 捕猎 $0$ 个 $2$;TestVal865
866;Fox Hunting Task;狐狸狩猎;TestVal866
867;Fox Hunting Task;Equilinox 中并非所有动物都可爱可亲。有些是凶残的野兽，以猎物的血肉为食！狐狸需要吃肉，所以把它们放在有鸡或其他合适小生物的区域附近，让它们去狩猎。;TestVal867
868;Wolf hunting task;披着羊皮的狼;TestVal868
869;Wolf hunting task;狼饿了，羊在菜单上。在羊群区域附近创建一片狼群区域。狼会定期去狩猎抓捕羊。;TestVal869
870;Dp per minute stat;基础每分钟 DP;TestVal870
871;Disease Resistance stat;疾病抗性;TestVal871
872;Age stat;年龄;TestVal872
873;Species Evolved Notification;物种已进化！;TestVal873
874;Species Evolved Notification;你已成功进化出;TestVal874
875;Health Stats;健康;TestVal875
876;Health Stats;环境;TestVal876
877;Health Stats;饥饿;TestVal877
878;Health Stats;预期寿命;TestVal878
879;Health Stats;种群密度;TestVal879
880;Health Stats;伤害;TestVal880
881;Health Stats;疾病;TestVal881
882;Growth Stat;生长;TestVal882
883;Growth Time stat;生长时间;TestVal883
884;Number of a species in the world text;在世界中;TestVal884
885;World Name;世界名称;TestVal885
886;Hide UI Option;隐藏界面;TestVal886
887;Reset Camera Option;重置视角;TestVal887
888;Save Stats;上次游玩;TestVal888
889;Save Stats;生物数量;TestVal889
890;Save Stats;已完成任务;TestVal890
891;Save Stats;点数;TestVal891
892;Time Words;年;TestVal892
893;Time Words;年;TestVal893
894;Time Words;天;TestVal894
895;Time Words;天;TestVal895
896;Time Words;小时;TestVal896
897;Time Words;小时;TestVal897
898;Size Trait Name;体型;TestVal898
899;Edibility Trait Name;可食性;TestVal899
900;Food Section Name;叶子;TestVal900
901;Food Section Name;花蜜;TestVal901
902;Food Section Name;植物;TestVal902
903;Food Section Name;肉;TestVal903
904;Food Section Name;种子;TestVal904
905;Food Section Name;仙人掌水;TestVal905
906;Food Section Name;水果;TestVal906
907;Food Section Name;芜菁;TestVal907
908;Food Section Name;胡萝卜;TestVal908
909;Food Section Name;整株植物;TestVal909
910;Food Section Name;马铃薯;TestVal910
911;Food Section Name;蜂蜜;TestVal911
912;Food Section Name;树皮;TestVal912
913;Natural Colour Stat;自然颜色;TestVal913
914;Biome spreader stat (this plant spreads...);传播;TestVal914
915;Biome;生物群系;TestVal915
916;Species Category;类别;TestVal916
917;Unsuitable biomes factor name;不适宜生物群系;TestVal917
918;Liked Species Factor;喜欢的物种;TestVal918
919;Fave Biome Factor;最爱的生物群系;TestVal919
920;Environment;环境;TestVal920
921;Enviro satisfaction requirement;满意度;TestVal921
922;Below (an altitude);低于;TestVal922
923;Above (an altitude);高于;TestVal923
924;and;和;TestVal924
925;Between (two altitudes);介于;TestVal925
926;Transplant Option for entities;移栽;TestVal926
927;Remove Option for Entity;移除;TestVal927
928;Follow Option for entity;跟随;TestVal928
929;Dp per minute;dp/分;TestVal929
930;Make noise option for animals;发声;TestVal930
931;Entity speed stat;速度;TestVal931
932;meters per second;米/秒;TestVal932
933;Bounce power stat;弹跳力;TestVal933
934;Bounce power units;弹;TestVal934
935;Target (colour);目标;TestVal935
936;Cost;费用;TestVal936
937;Cancel;取消;TestVal937
938;Buy;购买;TestVal938
939;Colours;自定义;TestVal939
940;Colours;红色;TestVal940
941;Colours;黄色;TestVal941
942;Colours;橙色;TestVal942
943;Colours;深橙色;TestVal943
944;Colours;浅蓝色;TestVal944
945;Colours;深蓝色;TestVal945
946;Colours;粉色;TestVal946
947;Colours;紫色;TestVal947
948;Colours;深紫色;TestVal948
949;Colours;青色;TestVal949
950;Colours;米色;TestVal950
951;Colours;泥色;TestVal951
952;Colours;棕色;TestVal952
953;Colours;深棕色;TestVal953
954;Colours;黄绿色;TestVal954
955;Colours;深绿色;TestVal955
956;Colours;蓝绿色;TestVal956
957;Colours;浅绿色;TestVal957
958;Colours;绿色;TestVal958
959;Colours;淡绿色;TestVal959
960;Colours;土绿色;TestVal960
961;Colours;金色;TestVal961
962;Colours;白色;TestVal962
963;Colours;灰色;TestVal963
964;Colours;黑色;TestVal964
965;Display Size setting;显示尺寸;TestVal965
966;Language setting;语言;TestVal966
967;Restart message;重启游戏以使这些更改生效。;TestVal967
968;Full screen option;全屏;TestVal968
969;Graphics Presets;图形预设;TestVal969
970;Graphics Presets;自定义;TestVal970
971;Graphics Presets;最低;TestVal971
972;Graphics Presets;低;TestVal972
973;Graphics Presets;中;TestVal973
974;Graphics Presets;高;TestVal974
975;Floppy Tree Name;塔形树;TestVal975
976;Floppy Tree Desc;一种优雅的草原树木，在较潮湿的地区茁壮成长。它也能在沼泽和丛林般的环境中生存，更喜欢多石的地区。虽然生长缓慢，但看起来棒极了！;TestVal976
977;Half Grown Oak Task;半成的橡树;TestVal977
978;Half Grown Oak Task;将一棵橡树培育到超过 50% 的成熟度;TestVal978
979;Baby sheep behaviour description;玩耍中;TestVal979
980;Trait modification increase amount label;增加;TestVal980
981;Trait;特性;TestVal981
982;Earning Dp task name;兑换现金;TestVal982
983;Earning DP task description;多样性点数 (DP) 是你在 Equilinox 中的货币。你可以通过动物或完成任务赚取 DP。每只动物每分钟都会产生少量 DP，更健康、更快乐、完全长大的动物产生更多。你可以在工具栏中看到每分钟从动物那里赚取的 DP 总额。;TestVal983
984;DP earning requirement short desc;每分钟 DP;TestVal984
985;DP earning requirement long desc, 0 = amount;每分钟赚取超过 $0$ DP;TestVal985
986;View plant option;查看;TestVal986
987;Honey Name;蜂蜜;TestVal987
988;Growth Speed;生长速度;TestVal988
989;Growth explanation;生长速度受植物/动物对环境的适应程度影响。;TestVal989
990;Population Status;平均;TestVal990
991;Population Status;高;TestVal991
992;Population Status;低;TestVal992
993;Yield Trait (how many fruit/vegetables produced by a plant);产量;TestVal993
994;Potato unit;份。;TestVal994
995;Viewing entity title;查看中;TestVal995
996;Sleeping Ability;在夜间睡觉。;TestVal996
997;Repeat tool tip title;循环播放;TestVal997
998;Repeat tool tip;队列中的曲目将循环播放，让你可以创建自己喜欢的曲目的播放列表。;TestVal998
999;Disease Status Stat name;状态;TestVal999
1000;Dieseased;已患病！;TestVal1000
1001;Not Diseased;健康;TestVal1001
1002;Generation (as in family and decendants generations);代数;TestVal1002
1003;Corrupt File;损坏的文件;TestVal1003
1004;Corrupt File Message;这个世界的存档文件不幸无法读取。使用下面的按钮删除此存档。;TestVal1004
1005;Corrupt File Name;错误;TestVal1005
1006;Error message;加载世界时出错！;TestVal1006
1007;Healbloom Flower;治愈花;TestVal1007
1008;Healbloom Description;这种稀有花只能在非常特定的热带地区生长，生长速度比普通花慢得多。完全长大后，这种植物可以移栽到另一个区域，在那里它会死亡并释放出宝贵的种子。这些种子具有治愈功效，对患病的动物非常有用。;TestVal1008
1009;Disease Notification;疾病！;TestVal1009
1010;Disease message, 0 = animal name;一只 $0$ 因栖息地质量不佳而感染了疾病。;TestVal1010
1011;Searching for disease cure behaviour;寻找解药;TestVal1011
1012;Autumnal Tree;秋树;TestVal1012
1013;Autumnal Tree;一棵全年都长着秋色叶子的雄伟树木。这棵美丽的树喜欢在岩石地带独处生长，不需要土地非常肥沃。;TestVal1013
1014;Disease liklihood buff name;患病概率;TestVal1014
1015;Heal liklihood buff name;治愈概率;TestVal1015
1016;Disease liklihood explained;这是这只动物在未来一天内患病的概率。如果动物对环境不满意，或者疾病抗性特性较低，患病的可能性就会增加。;TestVal1016
1017;Heal liklihood explained;动物每次因疾病受到伤害时，都有机会被治愈。这就是发生这种情况的可能性。越健康的动物，这个机会就越高。;TestVal1017
1018;Disease Help Page Info;疾病;TestVal1018
1019;Disease Help Page Info;如果动物生活在不合格的栖息地中，它们就容易感染疾病。患病的动物会随时间持续受到伤害，还可能把疾病传播给附近的其他动物。;TestVal1019
1020;Disease Help Page Info;感染疾病;TestVal1020
1021;Disease Help Page Info;动物感染疾病的概率取决于它的环境满意度。动物对环境越不满意，患病的可能性就越大。动物还有疾病抗性特性，决定它患病的倾向。;TestVal1021
1022;Disease Help Page Info;疾病影响;TestVal1022
1023;Disease Help Page Info;患病时，动物会随时间缓慢受到伤害，除非被治愈，否则最终会死亡。动物还可能感染附近的其他动物，健康状况较差的动物感染风险更高。;TestVal1023
1024;Disease Help Page Info;治愈疾病;TestVal1024
1025;Disease Help Page Info;受感染的动物有可能自然痊愈，环境越好，这个可能性就越高。还有一些植物可以帮助治愈动物，例如治愈花的花种或巫木树的果实。;TestVal1025
1026;Starting Help Page Info;多样性点数 (DP);TestVal1026
1027;Starting Help Page Info;在屏幕的最左上角，你可以看到你拥有的多样性点数。这些点数是 Equilinox 中的货币。你可以通过完成任务以及让健康快乐的动物在世界中生存来赚取 DP。DP 可以花在很多地方，例如从商店购买物品、基因改造野生动物以及进化新物种。想了解更多，请查看 多样性点数 帮助部分。;TestVal1027
1028;Starting Help Page Info;商店;TestVal1028
1029;Starting Help Page Info;Equilinox 中有两个商店，一个卖植物，一个卖动物。点击商店中已解锁且买得起的物种，然后左键点击你想放置的位置将其放入世界。随着游戏进度推进，你会解锁越来越多的物种。;TestVal1029
1030;Starting Help Page Info;状态面板;TestVal1030
1031;Starting Help Page Info;在世界中放置一些植物或动物后，你可以通过点击世界中的生物来查看它们的状态。这会打开状态面板。在这里你可以找到关于动物/植物的所有统计数据，如健康、年龄、环境满意度等。你可以在 状态面板 帮助部分了解更多关于该面板其他功能的信息。;TestVal1031
1032;Starting Help Page Info;任务;TestVal1032
1033;Starting Help Page Info;Equilinox 中有各种可以完成的任务，它们会为你提供各种奖励，如 DP、新音乐曲目和世界的新物种。前几个任务会带你了解游戏的基础知识，跟着它们开始取得进展吧！;TestVal1033
1034;Starting Help Page Info;多元化;TestVal1034
1035;Starting Help Page Info;现在你可以开始创建自己的生态系统了！随着你取得进展，你将获得越来越多种类的动植物，并能够创建一些复杂而美丽的生态系统。只要确保它们保持平衡并处于生态平衡状态！;TestVal1035
1036;Witch Wood Tree;巫木树;TestVal1036
1037;Witch Wood Tree;这棵高大的藤蔓树生长在非常特定的丛林地区，比大多数普通树生长得慢。完全长大后，这棵树会结出亮蓝色的果实，可以喂给患病的动物以治愈它们。;TestVal1037
1038;Witchwood Fruit;巫木果;TestVal1038
1039;Witchwood Fruit;这种亮蓝色的果实可以喂给患病的动物。食用后会对动物产生治愈效果，治愈疾病并恢复部分伤害。;TestVal1039
1040;Borderless window option;无边框窗口;TestVal1040
1041;Paused Evolution process;已暂停;TestVal1041
1042;Take over evolving process;接管进化;TestVal1042
1043;Continue Evolving Process;继续进化;TestVal1043
1044;Evolve process stopped notification;进化已暂停！;TestVal1044
1045;Evolve process stopped notification, 0 = name of species;执行 $0$ 进化过程的生物已经死亡。;TestVal1045
1046;How to evolve disgram - title;如何进化;TestVal1046
1047;Evolution Tree diagram title;进化树;TestVal1047
1048;Dove Bird Name;鸽子;TestVal1048
1049;Dove description;一种美丽的白色鸟。;TestVal1049
1050;In the categories filter (in the shop), the SHOW ALL option;全部;TestVal1050
1051;No Requirement for shop filter;无需求;TestVal1051
1052;Shop filter, lives in biome filter;生活的生物群系;TestVal1052
1053;Shop Filter, spreads biome filter;传播的生物群系;TestVal1053
1054;Lives in biome prefix;生活在;TestVal1054
1055;Spreads biome prefix;传播;TestVal1055
1056;Brown Stones Name;褐色石块;TestVal1056
1057;Brown Rocks Name;岩石;TestVal1057
1058;Brown Stones Description;一堆小的褐色石块。许多植物和动物都喜欢栖息地中有小石块和岩石。;TestVal1058
1059;Bigger UI option;放大界面;TestVal1059
1060;Beaver Ability;砍伐树木，用树枝建造巢穴。;TestVal1060
1061;Trait being displayed;显示中;TestVal1061
1062;Fruit productivity trait name;生产力;TestVal1062
1063;Evolution status section of progress list;进化概览;TestVal1063
1064;Which species it evolves from;由以下物种进化而来;TestVal1064
1065;Control a Sheep Task Name;操控一只绵羊;TestVal1065
1066;Control Sheep desc;如果你愿意，可以操控动物并让它们移动。点击一只绵羊，进入 操作 标签，选择 操控 选项。查看操作标签了解如何控制动物行为的信息。;TestVal1066
1067;Completionist Task name;完美主义者;TestVal1067
1068;Completionist task desc;完成 Equilinox 中的所有任务！;TestVal1068
1069;Vsync Option;垂直同步;TestVal1069
1070;Delete entity option;删除模式;TestVal1070
1071;Follow selected entity option;跟随选中的物体;TestVal1071
1072;Screenshot option;截图;TestVal1072
1073;Evolution task Requirement, $0$=species name;进化 $0$ 物种;TestVal1073
1074;Perch Spot Behaviour;为鸟类提供栖息点。;TestVal1074
1075;Mutation Notification;突变！;TestVal1075
1076;Mutation Notification, 0 = species name;一只奇怪的 $0$ 带着不寻常的突变出生了。;TestVal1076
1077;Potato Eating Task Name;马铃薯派对;TestVal1077
1078;Potato Eating Task Name;豚鼠想吃一些马铃薯，所以需要你来提供！不过它们不想只吃植株，而是想吃马铃薯本身。它们可能需要其他动物帮忙先把马铃薯挖出来。;TestVal1078
1079;Banana;香蕉;TestVal1079
1080;Error saving;保存时出错！请通知开发者。;TestVal1080
1081;second cam move controls;或 W,A,S,D;TestVal1081
1082;second cam rotate controls;或 左 Shift + 移动鼠标;TestVal1082
1083;second cam zoom controls;或 X、Z 键;TestVal1083
1084;Beehive contents;蜂蜜;TestVal1084
1085;Honey stat;蜂蜜含量;TestVal1085
1086;Placement Feedback;没问题;TestVal1086
1087;Placement Feedback;必须放置在干燥的陆地上！;TestVal1087
1088;Placement Feedback;需要更多水！;TestVal1088
1089;Placement Feedback;其他物体靠得太近。;TestVal1089
1090;No environmental factors note;没有环境偏好。;TestVal1090
1091;Erase button header;删除多个物体;TestVal1091
1092;Erase button description;允许你快速移除世界中的多个物体。激活后，只需按住鼠标左键即可删除红色圆圈内的所有东西。;TestVal1092
1093;Lilac colour;淡紫色;TestVal1093
1094;Light grey colour;浅灰色;TestVal1094
1095;Dark grey colour;深灰色;TestVal1095
1096;Light pink colour;浅粉色;TestVal1096
1097;Ruby Colour;红宝石色;TestVal1097
1098;Out of world bounce warning;超出边界！;TestVal1098
1099;Bright Green Colour;亮绿色;TestVal1099
1100;Camel;骆驼;TestVal1100
1101;Camel Desc;一种生活在沙漠中的大型食草动物。这种优雅的野兽喜欢沙漠树木，能以仙人掌为食。不过它不太喜欢其他动物，而且有朝它们吐口水的习惯！;TestVal1101
1102;Spitting ability;偶尔向附近的动物吐口水。;TestVal1102
1103;Anger trait;愤怒;TestVal1103
1104;Spitting action;愤怒地吐口水;TestVal1104
1105;Coral;珊瑚;TestVal1105
1106;Coral;生活在水中色彩鲜艳的生物。它们在水下传播热带生物群系，但不能生活在河床中，所以不要把她们和普通的河床海藻放在一起！严格来说它们也不是植物，每块珊瑚都由成千上万只叫做珊瑚虫的微小动物组成。;TestVal1106
1107;Shell;贝壳;TestVal1107
1108;Shell;一个小贝壳，常见于水下或海滩。;TestVal1108
1109;Spitting Task;吐痰高手;TestVal1109
1110;Spitting Task;把骆驼放进沙漠后，你会发现它们有一个有趣的习性。生气时，骆驼会朝附近的其他动物吐口水！完成这个可重复任务需要它们命中目标 25 次。你可以通过基因改造让它们更快生气，以加快进度。;TestVal1110
1111;Spitting Task;向 25 只动物吐口水;TestVal1111
1112;Spitting Task;已命中的动物;TestVal1112
1113;Remove Many;批量移除……;TestVal1113
1114;Pause;慢动作;TestVal1114
1115;Spacebar;按住空格键;TestVal1115
1116;Notification Log;通知记录;TestVal1116
1117;No notifications message;还没有可显示的通知。;TestVal1117
1118;Unlock guide task section;该物种已锁定！完成以下任务即可解锁：;TestVal1118
1119;Unlock guide task section;该物种已锁定！要解锁它，请先完成这些任务：;TestVal1119
1120;Unlock Guide Title;解锁指南;TestVal1121
1121;Evolve Message;该物种已锁定！按以下顺序进化物种即可解锁：;TestVal122
1122;EvolveMessage;然后按以下顺序进化物种：;TestVal123
1123;Altitude Factor not good;不理想;TestVal124
1124;Salmon;鲑鱼;TestVal125
1125;Salmon;一种喜欢生活在河床生物群系中的相当大的鱼。这种挑剔的鱼对环境非常讲究，只有最高品质的河床生物群系并搭配正确的物种环绕，它才会满意。它比鳟鱼游得快，所以通常能逃脱掠食者。;TestVal126
1126;Angel Fish;天使鱼;TestVal127
1127;Angel Fish;一种美丽的热带鱼。天使鱼可以生活在热带生物群系中，甚至可以生活在河床和热带的混合环境中，但它绝对需要栖息地中有一些热带海藻。;TestVal128
1128;Royal Gramma Fish;皇家少女鱼;TestVal129
1129;Royal Gramma Fish;一种紫金色的鱼，喜欢生活在有大量珊瑚的热带栖息地中。它比普通鱼略小略慢，所以逃离掠食者时确实有些困难。;TestVal130
1130;Neon fish;霓虹鱼;TestVal131
1131;Neon fish;一种色彩极其鲜艳的热带鱼！这种动物的配色非常稀有，亮霓虹色在 Equilinox 其他地方很少见。相对而言，这种鱼也更容易进行基因改造，获得其他霓虹色，从而可以拥有大量不同颜色鲜艳的鱼。;TestVal132
1132;Neon Red;霓虹红;TestVal133
1133;Neon Orange;霓虹橙;TestVal134
1134;Neon Yellow;霓虹黄;TestVal135
1135;Neon Green;霓虹绿;TestVal136
1136;Neon Blue;霓虹蓝;TestVal137
1137;Neon Purple;霓虹紫;TestVal138
1138;Speed trait;速度特性;TestVal139
1139;Neon Pink;霓虹粉;TestVal140
1140;Fish Task;鱼类大师;TestVal141
1141;Fish Task;进化出所有可能的鱼类，让 Equilinox 的河流和湖泊充满丰富的野生动物！;TestVal142
1142;Pick Up Action;捡起;TestVal143
1143;Shop Item Availability;可用;TestVal144
1144;Simulation Mode;模拟模式;TestVal145
1145;Creative Mode;创造模式;TestVal146
1146;No Cost;免费;TestVal147
1147;Confirm button;确认;TestVal148
1148;Game Mode Options;游戏模式;TestVal149
1149;Normal Mode;普通模式;TestVal150
1150;Jelly Fish;水母;TestVal151
1151;Jelly Fish;一种长着触手、漂浮游动的奇怪鱼类。水母生活在热带水域，会蜇任何碰到它垂挂触手的动物。;TestVal152
1152;Stinging Ability;蜇伤任何碰到它的动物。;TestVal153
1153;Weird Fish Category;奇异鱼类;TestVal154
1154;Stinging Power Trait;蜇刺强度;TestVal155
1155;Starbloom Bush;星花灌木;TestVal156
1156;Starbloom Bush;这种生活在丛林中的植物拥有令人难以置信的花朵，每年只绽放一天！在 Equilinox 新的一年开始时，星花灌木会上演一场美丽的表演，随着花朵绽放，点亮夜空。它需要非常肥沃的丛林生物群系才能生存。;TestVal157
1157;Bloom Ability;每年年初绽放一天。;TestVal158
1158;Time till bloom stat;下次绽放;TestVal159
1159;Blooming Status;绽放中;TestVal160
1160;Days;天;TestVal161
1161;Blooming Gorgeous Task;绽放之美;TestVal162
1162;Blooming Gorgeous Task;星花灌木是一种美丽的丛林植物，每年只开一次花。解锁这种灌木，把它放进丛林区域，然后欣赏它每年年初的表演吧！;TestVal163
1163;Blooming Gorgeous Task Counter;绽放的星花灌木;TestVal164
1164;Blooming Gorgeous Task Counter;绽放的星花灌木;TestVal165
1165;Eagle Name;老鹰;TestVal166
1166;Eagle Desc;老鹰是一种猛禽，捕猎小型动物。它生活在 Equilinox 的高山上，但捕猎时会俯冲到附近的生物群系。老鹰抓到猎物后会把猎物带回巢穴喂养幼鸟。;TestVal167
1167;Fly;苍蝇;TestVal168
1168;Fly;一种讨厌的小昆虫，喜欢在泥泞沼泽生物群系中被蘑菇环绕的生活。苍蝇以相当大的群体生活，可以被青蛙、蟾蜍甚至食虫植物吃掉！;TestVal169
1169;Carnivore Flower;捕蝇草;TestVal170
1170;Carnivore Flower;这种恶心的植物能够抓住并吞食昆虫。它更喜欢生活在被枯树、蘑菇和大量多汁昆虫包围的最黑暗、最泥泞的沼泽地区。;TestVal171
1171;It's a Trap task;有陷阱！;TestVal172
1172;Task desc;如果你是一只苍蝇，沼泽就是一个危险的地方。名为捕蝇草的植物喜欢生活在沼泽地区，对小型飞虫很有胃口。在这个可重复任务中，植物抓到的苍蝇越多，你赚得越多！;TestVal173
1173;Task Req, 0 = count;让捕蝇草抓住 $0$ 只苍蝇;TestVal174
1174;Task Req small;已抓住的苍蝇;TestVal175
1175;Meerkat;猫鼬;TestVal1176
1176;Meerkat;一种生活在沙漠中的小型生物。猫鼬是穴居动物，会在自己的领地内建造隧道和洞穴网络。它们还能用后腿站立，以便留意掠食者。受到威胁时，猫鼬会躲进洞穴里。;TestVal1176
1177;Desert Grass;沙漠草;TestVal1179
1178;Desert Grass;一小片能在沙漠中生存的耐旱草。这种植物的种子为小型动物提供食物来源。;TestVal1178
1179;Desert Rock;沙漠岩石;TestVal1179
1180;Desert Rock;一种在沙漠生物群系中自然形成的高大岩层。;TestVal1179
1181;Marigolds;万寿菊;TestVal1179
1182;Marigolds;一些色彩鲜艳的橙色和黄色花朵。这种植物有助于在较高海拔地区传播林地生物群系。偏好没有石头的环境。;TestVal1179
1183;Desert Hare Task;沙漠之鹰;TestVal1183
1184;Desert Hare Task;老鹰有能力从它们的山间家园俯冲下来，捕捉附近生物群系的小型哺乳动物。在靠近老鹰栖息地的地方创建沙漠生物群系，等待老鹰抓住一只毫无防备的沙漠野兔。;TestVal1184
1185;Meerkat Task;一杆进洞;TestVal1185
1186;Meerkat Task;猫鼬是穴居动物，会在自己的领地内建造隧道网络。在合适的栖息地中把一些猫鼬放进世界，看着它们挖洞！;TestVal1186
1187;Dolphin;海豚;TestVal1187
1188;Dolphin;这种水生哺乳动物喜欢生活在又大又深的水域中，那里有足够的空间让它游来游去。开心的时候，成年海豚会潜入水中再跃出水面，表达它们的喜悦。;TestVal1188
